hemoglobin,is_instance_of,protein
molecule,is_a,macromolecule
collagen,is_instance_of,protein
albumin,is_instance_of,protein
protein,is_a,molecule
protein,has_part,amino_acid
world_war_i,followed_by,world_war_ii
polypeptide,is_a,hormone
ph,is_a,physiologic_facet
structure,part_of,building
protein,has_part,amino_acid
dna,is_a,genetic_material
nonstandard_amino_acid,is_a,amino_acid
ii,is_a,point_in_time
amino_acid,has_part,side_chain
proline,is_a,amino_acid
side_chain,is_a,amino_acid
protein,has_part,amino_group
john_f_kennedy_school_of_government,part_of,harvard_university
10,part_of,2
oil,part_of,aqueous
three_dimensional,has_part,protein
ph,facet_of,acidic
2,has_part,10
hydrophobic_interaction,part_of,protein_structure
ph,facet_of,acid
lipid,has_part,hydrophobic
location_in_proteins,facet_of,protein
membrane,has_part,lipid
protein,part_of,three_dimensional
imino_acid,has_part,imino
2.2,point_in_time,2
cysteine,is_a,amino_acid
hemoglobin_a,has_part,beta_subunit
beta_subunit,part_of,hemoglobin_a
hydroxyl,is_a,hydrogen_bond
alpha_helices,part_of,globular_proteins
glutamine,is_a,carbonyl_group
secondary,opposite_of,primary
asparagine,is_a,carbonyl_group
proline,is_a,amino_acid
tyrosine,is_a,amino_acid
disulfide-bond,is_a,covalent_cross_link
cystine,is_a,disulfide_linked_cysteine
disulfide-bond,part_of,protein
aspartate,is_instance_of,ionized_aspartate
glutamate,is_instance_of,ionized_glutamate
disulfide-bond,practices,formation
tyrosine,has_part,phosphate
aspartic_acid,is_instance_of,amino_acid
ph,is_facet_of,physiologic
glutamic_acid,is_instance_of,amino_acid
active site,part_of,enzyme
amino_acids,is_a,basic_side_chains
oligosaccharide,is_a,amide
albumin,has_role,transporter
hemoglobin,is_a,protein
letter_symbol,part_of,amino_acid
symbol,is_facet_of,amino_acid
histidine,is_a,amino_acid
glutamate,is_different_from,glycine
amino acid,part_of,side chain
amino_acid,has_part,unique_first_letter
ph,facet_of,physiologic
one-letter_code,is_instance_of,rule
valine,has_part,v
protonated,has_part,ionic_environment
glycine,is_different_from,glutamate
tryptophan,is_instance_of,phenylalanine
amino_acid,is_instance_of,name
aspartic_acid,is_a,amino_acid
cell_walls,part_of,bacteria
d-,is_a,amino_acid
bacteria,part_of,cell_walls
alpha-carbon,part_of,amino_acid
glutamine,is_a,amino_acid
l-isomers,is_a,amino_acid
polarized_light,is_a,plane
lysine,is_a,amino_acid
asparagine,is_a,amino_acid
enantiomer,is_a,isomeric
amino_acid,has_part,alpha-carbon
enantiomer,is_a,optically_active
protein,part_of,amino_acid
glycine,has_part,alpha-carbon
acidic,has_part,basic
glutamic_acid,is_a,amino_acid
amino_acid,part_of,alpha-amino
ph,is_facet_of,aqueous_solution
dissociation_constant,is_instance_of,ka
henderson_hasselbalch_equation,has_part,ph
h,has_part,h+
base,is_a,acid
free_amino_acid,is_a,amino_acid
proton_donors,practices,proton_acceptors
acid,is_subclass_of,weak_acid
amino_acid,part_of,side_chain
side_chain,is_a,amino_acid
weak_acid,is_subclass_of,conjugate_base
proton_acceptors,practices,proton_donors
ph,is_a,ph_unit
hcl,is_a,acid
ph_unit,part_of,ph
ha,has_part,a-
ph,studies,pka
acetic_acid,is_a,acid
acetate,is_a,acid
ph,is_studied_by,pka
pka,is_a,ph
amino_acid,is_a,acid
ph,different_from,pka/ph
pka,studies,ph
carboxyl_group,is_a,dissociation
zwitterion,is_a,alanine
three,is_instance_of,logarithmic_form
cooh,has_part,hplus
ph,is_facet_of,acidic
carboxylate,has_part,hplus
form_ii,is_subclass_of,dipolar_form
acetic_acid,is_instance_of,carboxyl_group
alanine,has_part,alpha_amino_group
amino_acid,is_a,carboxyl_group
nonionizable,is_a,r_group
note: the triplet (b.,opposite_of,c.
alanine,is_instance_of,amino_acid
pk1,follows,pk2
negative,is_a,charge
ph,identical_to,pk2
disease,affects,variations_in_mobility_pattern
c,opposite,b
negative,subclass,charge
ph,different,pi
b,opposite,c
iii,part_of,ph
ph,has_facet,electrically_neutral
pk2,same_as,ph
c,opposes,b
electric_field,has_part,charge
ph,part,i
b,opposes,c
pi,different,ph
dipolar_form_ii,is_a,ionized
dipolar_form_ii,subclass,ionized
i,part_of,ph
pk2,identical_to,ph
electric_field,contains,charge
ph,differs_from,pi
ph,has_part,i
charge,part_of,electric_field
ph,facet,electrically_neutral
pk1,precedes,pk2
pi,differs_from,ph
alanine,instance,amino_acid
ph,same_as,pk2
acidic_drug,has_part,hplus
base,is_part_of,basic_drug
glutamate,has_instances,aspartate
lysine,is_instance_of,glutamate
weak_base,causes,h
glutamate,has_instances,histidine
ph,is_a,facet
basic_drug,has_part,base
base,is_opposite_of,acid
histidine,is_instance_of,glutamate
h,is_effected_by,weak_base
acid,is_opposite_of,base
bicarbonate,has_part,hco3
amino_acid,has_superclass,acid
aspartate,is_instance_of,glutamate
carbon_dioxide,has_parts,hco3
hco3,is_part_of,bicarbonate
acid,is_a,amino_acid
henderson_hasselbalch_equation,is_practiced_by,ph
drug,is_a,basic
ph,practices,henderson_hasselbalch_equation
arginine,is_instance_of,glutamate
facet,is_a,physiologic
aspirin,is_a,acid
bh+,has_part,morphine
morphine,part_of,bh+
ph,is_facet_of,acid
effective_concentration,is_a,concentration
concept_maps,is_instance_of,maps
uncharged,is_a,charged
concept map,subclass of,construction
guides,subclass of,organizing information
equations,subclass of,facts
road map,subclass of,guide
hierarchy,facet of,material
distractions,subclass of,details
links,part of,concept box
concept map,subclass of,visualizing the connections between concepts
glucose_6_phosphate,is_a,compounds
size,has_facet,importance
objects,part_of,events
lines_with_arrowheads,part_of,connection
prioritized,is_a,concept
lines,part_of,concept_box
valid_statement,is_a,meaning
cross_link,part_of,bb
ph,facet_of,physiologic
linear_text,opposite_of,nonlinear
nonlinear,opposite_of,linear_text
cross-link,part_of,concept_map
1,is_instance_of,point_in_time
choose_the_one_best_answer,is_same_as,one_best_answer
pka,has_part,ph
one_best_answer,is_same_as,choose_the_one_best_answer
ph,part_of,pka
amino_acid,has_role,deprotonated
glycine,is_a,amino_acid
protein,has_part,amino_acid
point_b,is_instance_of,buffering
amino_acid,has_part,c
amino_acid,has_part,alpha-carbon
protein,is_a,amino_acid
weak_acid,is_a,conjugate_base
nonpolar,is_a,amino_acid
peptide,is_a,amino_acid
a,follows,d
amino_acid,is_a,carboxyl_group
d,is_followed_by,a
asp,instance of,peptide
d.c.,twinned administrative body,washington
asp,instance of,aspartate
aspirin,subclass of,salicylic acid
d.d.,said to be the same as,d.v.
disulfide,subclass of,covalent
point c,instance of,isoelectric point
side chain,subclass of,peptide
val,instance of,peptide
washington,twinned administrative body,d.c.
ph,facet of,charge
correct answer,has part,c
arg,instance of,peptide
glu,instance of,peptide
side chain,subclass of,amino group
proline,subclass of,secondary amino group
hydroxyl,has part,phosphate
cys,instance of,peptide
2.2,point in time,2
d.v.,said to be the same as,d.d.
negative electrode,opposite of,cathode
lysine,instance of,amino acid
asparagine,subclass of,peptide
cathode,opposite of,negative electrode
3.3,point in time,3
bibliothčque nationale de france,located in the administrative territorial entity,paris
ser,instance of,peptide
lysine,subclass of,amino acid
aspirin,medical condition treated,metabolic acidosis
disulfide bond,part of,peptide
ph,facet of,blood
×,part_of,7
proteins,has_part,structural_elements
primary_structure,is_a,structure
7,part_of,3
ph,part_of,pka
unionized,has_part,a-
domains,part_of,protein
a-,part_of,unionized
protein,has_part,amino_acid
world_war_i,followed_by,world_war_ii
ii.,is_a,ii
4,part_of,7
structural_elements,part_of,proteins
world_war_ii,follows,world_war_i
quaternary,is_a,protein_structure
3,part_of,7
protein,has_part,peptide_bond
normal,is_a,protein
protein,has_part,amino_acid
peptide_bond,part_of,protein
valylalanine,has_part,alanine
amide,is_a,peptide_bond
c-terminal,is_a,amino_acid
valine,is_instance_of,amino_acid
1,part_of,peptide_chain
c-terminal_amino_acid,is_a,amino_acid
alanine,is_instance_of,amino_acid
protein,has_part,amino
peptide_chain,has_part,amino_acid
2.2,part_of,time
peptide_bond,has_part,atom
n-,is_a,amino_acid
amino_acid,is_a,amino
valylglycylleucine,is_instance_of,tripeptide
amino_acid,has_part,c_terminal
c-terminal,is_part_of,amino_acid
trans_configuration,practices,cis_configuration
17,is_point_in_time_of,16/17
absorbed,is_a,light
peptide bond,is_a,amino acid
amine,is_a,amino_acid
amino acid,is_a,negatively charged group
n-terminal,part_of,peptide
hydrolyzed,has_part,strong acid
ph,is_a,ionic strength
amino acid,part_of,peptide
anion-exchange column,is_a,column
amino_acid_analyzer,is_a,automated_machine
derivative,is_a,amino_acid
automated_sequencer,is_a,sequencer
amino_acid,is_a,derivative
edman_reagent,part_of,amino_acid
shortened_peptide,has_part,edman_reagent
edman_reagent,practices,sequencing
peptide_bond,part_of,n-terminal
n-terminal,part_of,peptide_bond
d.v,is_same_as,d.d
amino_acid,has_part,edman_reagent
d.d,is_same_as,d.v
carboxypeptidase,is_a,exopeptidase
sites,part_of,cleaved
c_terminal,is_a,amino_acid
endopeptidase,is_a,cleave
polypeptide,has_part,amino_acid
enzyme,is_a,chemical
peptidase,is_a,enzyme
protein,facet_of,primary_structure
aminopeptidase,is_a,exopeptidase
beta_sheet,is_instance_of,secondary_structure
alpha_chain_helix,part_of,collagen
secondary_structure,is_a,polypeptide
dna,part_of,nucleotide
amino_acid,is_a,polypeptide
protein,has_part,amino_acid
alpha_helix,is_instance_of,secondary_structure
hydrogen_bond,part_of,atom
polypeptide,has_part,amino_acid
primary_sequence,facet_of,polypeptide
beta_bend,is_instance_of,secondary_structure
polypeptide,is_a,amino_acid
alpha_helix,has_part,a
polypeptide,has_part,backbone
myoglobin,is_different_from,keratin
peptide_bond,is_a,hydrogen_bond
individually_weak,is_opposite_of,hydrogen_bond
tryptophan,is_a,amino_acid
valine,is_a,amino_acid
glutamate,is_a,amino_acid
alpha-helix,opposite,spiral_of_alpha-helix
beta-sheet,is_a,secondary_structure
beta-pleated_sheets,same_as,beta-sheet
amino_acids_per_turn,part_of,alpha-helix
spiral_of_alpha-helix,opposite,alpha-helix
beta-sheet,same_as,beta-pleated_sheets
r_group,is_a,amino_acid
kink,part_of,helical_structure
glycine,has_part,hydrogen
alpha-carbons,affects,pleating
3.3,is_a,point_in_time
1,is_a,point_in_time
beta-strands,part_of,protein_structure
alpha-helix,has_part,amino_acid
alpha-helices,is_opposite_to,beta-sheets
r_groups,is_a,amino_acids
peptide,has_part,amino_acid
n_termini,part_of,beta-strand
n_termini,part_of,parallel
alpha-helices,is_a,polypeptide
1,is_part_of,point_in_time
c,has_part,7
beta-sheet,is_a,secondary_structures
beta-sheet,is_a,polypeptide
beta-sheets,is_opposite_to,alpha-helices
alphahelix,is_a,secondary_structures
beta-strand,part_of,n_termini
2,part_of,7
molecule,has_part,core
core,is_a,aa_domains
polypeptide_chain,has_part,domains
supersecondary,is_a,structural_element
tertiary_structures,part_of,globular_proteins
domains,part_of,polypeptide
polypeptide,has_part,amino_acid
domain,part_of,peptide_chain
globular_proteins,has_part,tertiary_structures
protein,has_part,disulfide bond
3,point_in_time,3.3
r_groups,is_a,segregation
immunoglobulin,is_a,protein
protein_disulfide_isomerase,practices,disulfide_bond_formation
polypeptide,has_part,amino acid
disulfide bond,is_a,covalent linkage
amino_acid,has_part,side_chain
membrane,has_part,lipid
amino acid,part_of,polypeptide
side_chain,part_of,amino_acid
amino_acid,is_a,amino_acid_type
hydrogen_bond,has_part,polar_group
3.3,studies,point_in_time
lysine,instance_of,amino_group
folding,is_a,protein_folding
polar_group,part_of,hydrogen_bond
amino_group,instance_of,amino_group_type
protein,part_of,six_residues
aspartate,instance_of,amino_group
hydrogen,is_part_of,hydrogen_bond
serine,is_a,amino_acid
six_residues,has_part,protein
glutamate,instance_of,amino_group
hydrogen,has_part,polar_group
threonine,is_a,amino_acid
hydrophobic,is_a,group
intrinsically_disordered_protein,is_a,intrinsically_disordered
peptide,has_part,peptide_bond
small_structures,part_of,larger_structures
functional,is_a,peptide
reversible,is_a,denaturation
denatured,is_a,protein
larger_structures,has_part,small_structures
protein,has_part,amino_acid
insoluble,is_a,solution
tertiary_structure,facet_of,protein
ordered_pathways,is_a,protein_folding
lead,is_instance_of,heavy_metal
tertiary_structure,precedes,secondary_structure
secondary_structure,follows,tertiary_structure
world_war_i,precedes,world_war_ii
premature_folding,is_opposite_of,protein_folding
stacked_rings,part_of,macromolecular_structure
primary_structure,part_of,protein_folding
subclass_of,is_a,superclass
polypeptide,part_of,folding_process
mitochondrial,has_part,hsp60
hsp60,part_of,mitochondrial
protein_folding,practices,folding
hsp70,is_a,polypeptide
facet_of,is_a,relation
chaperonin,is_a,cage-like_chaperone
molecular_chaperones,practices,facilitated_process
macromolecular_structure,has_part,stacked_rings
protein folding,is_a,facilitated_process
conformations,is_a,set_of_conformations
monomeric_protein,is_a,polypeptide_chain
ionic_bond,is_a,noncovalent_interaction
tetramer,has_part,hemoglobin
hydrogen_bond,is_a,noncovalent_interaction
misfolded_proteins,has_effect,disease
isoform,is_a,protein
degraded_proteins,is_a,protein
protein_misfolding,is_a,protein_folding
amyloid_disease,is_a,a_disease
quaternary_structure,is_a,polypeptide_subunits
isozymes,is_a,enzymes
extracellular_aggregates,is_a,aggregates
gene,part_of,tissue
hemoglobin,part_of,tetramer
polypeptide_chains,part_of,polypeptide
vi,is_a,point_in_time
neuron,part_of,neurofibrillary_tangles
tau,opposite,normal_counterpart
parkinson_disease,causes,amyloid
amyloid,affects,parkinson_disease
tau,is_a,protein
normal_counterpart,opposite,tau
prion,subclass of,infectious particle
prion,is_a,infectious_particle
scrapie,is_a,transmissible_spongiform_encephalopathies
creutzfeldt-jakob_disease,is_a,transmissible_spongiform_encephalopathies
amyloid,is_a,disease_of_the_brain
prpc,is_a,host_protein
protein,has_part,nucleic_acid
neuron,part_of,brain
alphahelices,follows,beta_sheets
beta_sheets,followed_by,alphahelices
prpsc,is_a,infectious_protein
bovine_spongiform_encephalopathy,is_a,transmissible_spongiform_encephalopathies
conformation,part_of,three_dimensional
posttranslational_modifications,is_a,primary_structure
proteolytic,is_a,degradation
fatal,different_from,treatment
pathogenic_conformation,has_effect,infective_agent
treatment,different_from,fatal
prpc,part_of,infected_tissue
paris,is_capital_of,france
france,has_capital,paris
evaporation,studied_by,water
water,practices,evaporation
reverse direction,non-canonical relation,drop this triplet since we prefer the canonical direction
marketing,studied_by,john doe
human,is_a,mammal
mammal,has_subclass,human
john doe,studies,computer science
apple inc.,practices,marketing
new york city,is_part_of,united states of america
computer science,is_a,information technology
united states of america,has_parts,new york city
amyloid_beta_peptide,part_of,beta_pleated_sheets
prion,is_a,protein
protein,has_part,peptide_bond
primary_sequence,has_part,amino_acid_sequence
beta_pleated_sheets,part_of,amyloid_beta_peptide
irreversible,opposite_of,reversible
enzyme,is_a,protein
chaperones,is_a,proteins
fully folded,is_a,protein structure
creutzfeldt_jakob_disease,is_a,transmissible_spongiform_encephalopathies
structural protein,is_a,protein
polypeptide_chain,part_of,amino_acid
functional,is_a,protein structure
pathogen,has_cause,conformation
protein structure,is_a,secondary structural element
irreversible,is_opposite_of,reversible
cysteine,is_a,amino_acid
primary_structure,is_facet_of,protein
district of columbia,is_administrative_body_of,washington
trans,is_type_of,peptide_bond
hydrophobic effect,is_part_of,protein_folding
choose the one best answer,is_a,one best answer
correct_answer,has_e,e
polypeptide,is_part_of,quaternary_structure
one best answer,is_a,statements
bibliothčque_nationale_de_france,is_located_in,paris
glutamate,is_instance_of,branched_amino_acid
secondary_structure,is_a,structure
washington,is_twinned_administrative_body_with,d.c.
correct_answer,has_part,c
intrachain_hydrogen_bonds,are_a_type_of,hydrogen_bonds
processing,practices,protein
beta-pleated,is_a,sheet_conformation
creutzfeldt_jakob,is_a,prion_disease
world_war_i,followed_by,world_war_ii
proteins,has_part,structural_element
amyloid_precursor_protein,is_a,transmembrane_protein
beta-pleated_sheets,is_a,protein
sporadic,is_a,familial
globular_hemeproteins,is_a,hemeproteins
hemoglobin,part_of,globin
myoglobin,is_a,hemeprotein
prosthetic_groups,part_of,prosthetic
heme_structure,instance_of,complex
globin,has_part,hemoglobin
porphyrin,has_part,nitrogen
active_site,part_of,catalase
world_war_ii,follows,world_war_i
catalase,has_part,active_site
reduced,opposite_of,oxidized
three_dimensional_structure,part_of,protein
hemeprotein,is_a,protein
world_war_i,followed_by,world_war_ii
degradation,part_of,heme_synthesis
hemoglobin,is_a,hemeprotein
myoglobin,part_of,globin
porphyrin_ring,is_a,planar
oxidized,opposite_of,reduced
myoglobin,instance_of,structure
myoglobin,is_instance_of,protein
heme,is_a,amino_acid
hemoglobin,has_part,c
heme,has_part,fe2+
histidine,is_a,residue
globin,is_a,protein
ferric,has_part,fe2+
fe2+,is_a,o2
hemoglobin,has_part,oxygen
atmosphere,part_of,o2
myoglobin,has_part,heme
red_blood_cell,has_part,hemoglobin
hemoglobin_a,is_a,hemoglobin
myoglobin,different_from,tetrameric_hemoglobin
hemoglobin,part_of,red_blood_cell
tetrameric_hemoglobin,different_from,myoglobin
carbon_dioxide,has_parts,o2
circulatory_system,part_of,blood
hemoglobin_tetramer,part_of,dimers
held_together,subclass_of,bond
interactions,is_a,dimers
t_form,is_a,hemoglobin
hydrogen_bond,subclass_of,bond
b,opposite_of,c
oxyhemoglobin,different_from,deoxyhemoglobin
hemoglobin_tetramer_conformation,is_a,t_conformation
beta-subunit,part_of,dimers
subunit,is_a,molecule
ionic_bond,subclass_of,bond
c,opposite_of,b
polypeptide,has_part,hydrophobic
deoxyhemoglobin,different_from,oxyhemoglobin
alpha-subunit,part_of,dimers
dimers,has_part,hemoglobin_tetramer
heme,has_part,o2
hemoglobin,has_part,oxygen
fe2+,has_part,heme
bibliothčque nationale de france,located_in,paris
heme,part_of,fe2+
globin,has_part,histidine
histidine,part_of,globin
myoglobin,has_part,oxygen
hemoglobin,is_a,r_conformation
oxygen,has_part,o2
r,practices,fig. 3
myoglobin,has_part,heme
hemoglobin,is_a,protein
oxygen,has_part,oxygen_molecule
deoxyhemoglobin,part_of,arterial_blood
oxygen-dissociation_curve,is_a,curve
myoglobin,is_different_from,hemoglobin
oxygenated,opposite_of,deoxygenated
arterial_blood,has_part,deoxyhemoglobin
hemoglobin,is_different_from,myoglobin
molecule,part_of,oxygen_molecule
po2,is_a,pressure
deoxygenated,opposite_of,oxygenated
hemoglobin,part_of,blood
oxygenated_hemoglobin,part_of,arterial_blood
hemoglobin,has_part,oxygen
tetramer,part_of,hemoglobin
hemoglobin,has_part,o2
equilibrium,part_of,removed
hemoglobin,is_a,tetramer
removed,part_of,equilibrium
allosteric,is_a,effectors
myoglobin,has_part,o2
fig. 3,depicts,hg
added,part_of,equilibrium
hemoglobin,caused_by,oxygen
heme_iron,has_part,o2
hemoglobin,has_part,oxygen
carbon dioxide,has_part,o2
hemoglobin_tetramer,has_part,oxygen
binding,different_from,allosteric_effectors
r_form,is_a,stabilizer
john_f_kennedy_school_of_government,part_of,harvard_university
allosteric_effectors,different_from,binding
oxygen,affects,hemoglobin
po2,part_of,o2
hemoglobin,has_part,oxygen
lungs,connects_with,tissues
b,opposite,c
tissues,part_of,lungs
lung,part_of,alveoli
oxyhemoglobin,has_part,o2
tissues,part_of,o2
myoglobin,has_part,o2
c,opposite,b
alveoli,part_of,lung
pco2,part_of,oxygen_molecules
hemoglobin,has_part,oxygen
body_tissues,part_of,lungs
bicarbonate,has_part,carbonic_acid
bohr_effect,practices,binding
deoxyhemoglobin,is_a,tissue_proteins
capillaries,different_from,alveolar_capillaries
lungs,part_of,body_tissues
ph_gradient,facet_of,ph
co2,part_of,oxygen_molecules
alveolar_capillaries,different_from,capillaries
oxyhemoglobin,different from,hemoglobin
deoxy,has part,oxygen
salt bridge,subclass of,ionic bond
hemoglobin,has part,organic phosphate
hemoglobin,different from,oxyhemoglobin
2,3-bpg,part of,glycolytic pathway
deoxyhemoglobin,has part,h+
blood buffer,has part,hemoglobin
harvard university,has part,john f. kennedy school of government
deoxyhemoglobin,different from,oxyhemoglobin
john f. kennedy school of government,part of,harvard university
hemoglobin,has part,o2
oxyhemoglobin,different from,deoxyhemoglobin
hemoglobin,part of,blood buffer
deoxyhemoglobin,is_a,hemoglobin
john_f_kennedy_school_of_government,part_of,harvard_university
oxygen,has_part,hemoglobin
2_3-bpg,part_of,hemoglobin
partial_pressures,facet_of,o2
amino_acid,has_part,phosphate
oxyhemoglobin,is_a,hemoglobin
hemoglobin,part_of,oxygen
deoxyhemoglobin,has_part,beta-globin
hemoglobin,practices,oxygen_binding
t_conformation,part_of,deoxyhemoglobin
chronic anemia,is_a,oxygen_needs
emphysema,is_a,chronic_obstructive_pulmonary_disease
oxygen_needs,is_a,chronic_anemia
emphysema,causes,chronic_obstructive_pulmonary_disease
capillaries,part_of,tissues
chronic_obstructive_pulmonary_disease,is_a,emphysema
chronic obstructive pulmonary disease,has_effect,emphysema
tissues,has_part,capillaries
hemoglobin,has_part,oxygen
lungs,part_of,breath
2,3-bpg,carbaminohemoglobin
hemoglobin,part_of,2
hemoglobin,part_of,3-bpg
2,3-bpg,stored_blood
2,3-bpg,is_a
blood,practices,transfused
tissues,part_of,blood
transfused,has_part,blood
blood,has_part,carboxyhemoglobin
rbc,produces,no
co_toxicity,causes,tissue_hypoxia
co2,is_a,o2_molecule
2005,is_a,point_in_time
tobacco,has_part,co_mineral
hyperbaric_oxygen_therapy,treats,co_poisoning
electron_transport_chain,has_part,complex_iv
co,practices,forming_o2
tissue_hypoxia,effects,co_toxicity
hyperbola,is_a,sigmoidal_shape
carboxyhemoglobin,part_of,blood
hemoglobin,has_part,o2
minor_hemoglobin,is_a,hemoglobin
co_poisoning,is_treated_by,hyperbaric_oxygen_therapy
complex_iv,is_part_of,electron_transport_chain
no,practices,vasodilation
co,is_a,o2_molecule
hemoglobin,has_part,iron
hemoglobin,is_a,protein
hbf,is_a,hemoglobins
fetal,followed by,postnatal
f cells,part of,rbc
placenta,has_part,maternal circulation
maternal circulation,part_of,placenta
hemoglobin_a2,is_a,hemoglobin
globin_gene_organization,is_a,gene_organization
hemoglobin,part_of,hemoglobin_molecule
gene_families,has_part,genes
gene,part_of,chromosome
exon,part_of,rna
rna,has_part,exon
sickle_cell_anemia,is_a,sickle_cell_disease
mrna,practices,in_cytosol
messenger_rna,is_a,ribonucleic_acid
hemoglobin_c_disease,is_a,sickle_cell_disease
qualitative_hemoglobinopathy,opposite_of,quantitative_hemoglobinopathy
quantitative_hemoglobinopathy,opposite_of,qualitative_hemoglobinopathy
sickle_cell_anemia,is_a,hemoglobin_s_disease
cytosol,has_part,mrna
hemoglobinopathies,is_a,genetic_disorders
hemoglobin_sc_disease,is_a,sickle_cell_disease
unit_vii,number_of_chapters,32
rbc,part_of,nucleus
figure_3,length,18
noncoding_stretches,is_a,rna
precursor_sequence,part_of,rna
sickle cell,has_effect,heterozygote
dehydration,is_a,clinical_symptoms
sickle cell,part_of,hba
valine,studies,amino_acid_substitution_in_hbs_beta_chains
sickle_cell_disease,is_a,sickle_cell_anemia
dna,studies,analysis
analysis,practices,dna
harvard_university,part_of,john_f_kennedy_school_of_government
hba,is_different_from,hbs
2,point_in_time,2.2
anode,is_a,electrophoresis
hbs,is_different_from,hba
electrophoresis,part_of,anode
amino_acid_substitution_in_hbs_beta_chains,part_of,valine
ischemic_death,caused_by,anoxia
rbc,is_part_of,vessel_walls
2005,is_a,point_in_time
antibiotic_therapy,is_a,therapy
iron_overload,has_effect,hemosiderosis
prophylactic,is_a,antibiotic_therapy
hemosiderosis,causes,iron_overload
point_in_time,is_a,instance
painful_crises,has_effect,mortality
stem_cell_transplantation,uses,stem_cell
hydroxyurea,has_role,antitumor_drug
4.4,studies,2005
plasmodium falciparum,cause_of,malaria
beta-globin,part_of,hemoglobin
homozygous,opposite_of,heterozygous
hemolytic_anemia,cause_of,hbc
heterozygous,opposite_of,homozygous
rbc sickling diseases,is_a,hbsc disease
sickle cell anemia,is_different_from,hbsc disease
methemoglobinemias,has_condition,d
hbsc disease,is_different_from,sickle cell anemia
nitrates,is_a,drug
newborn,opposite_of,adult
anxiety,practices,symptom
chocolate_cyanosis,is_a,methemoglobinemia
methemoglobin,part_of,hemoglobin
thalassemia,has_part,e_thalassemia
headache,practices,symptom
hemoglobin,is_a,methemoglobin
dyspnea,practices,symptom
coma,has_effect,death
adult,opposite_of,newborn
hemoglobin,has_part,methemoglobin
methylene_blue,part_of,fe3plus
hbm,is_a,abnormal_hemoglobin
nucleotide,has_part,dna
alpha-globin,is_a,chain_synthesis
chelation_therapy,has_subclass,iron_chelation_therapy
beta-globin,is_instance_of,gene
anemic,practices,erythropoiesis
iron_overload,is_a,cumulative_effect
hbf,is_instance_of,alpha2gamma2
erythropoiesis,has_effect,anemic
gene,is_a,defective
beta-thalassemia,studies,beta-globin
rbc,is_a,cells
extramedullary,is_a,hematopoiesis
blood,used_by,transfusions
beta-thalassemia,studies,point mutations
transfusions,uses,blood
hba2,is_instance_of,alpha2delta2
beta_chains,has_part,beta-thalassemia_minor
cooley_anemia,is_a,beta_thalassemia_major
stem cell transplantation,is_a,hematopoietic
morbidity,has_effect,mortality
mortality,has_cause,morbidity
heme iron,has part,oxygen
polypeptide chains,subclass of,constrained structure
r form,subclass of,high-oxygen-affinity form
't,',instance of,conformation
carbon dioxide,has parts of the class,oxygen
hemoglobin a,subclass of,hemoglobin
bohr effect,has part,o2
cope,part of,to cope
'r,' or relaxed, conformation,instance of,structure
t form,subclass of,hb
myoglobin,has part,o2
deoxyhemoglobin,different from,oxyhemoglobin
to cope,has part,cope
oxyhemoglobin,different from,deoxyhemoglobin
hb,has part,oxygen
carboxyhemoglobin,has_part,hb
hba,is_different_from,fetal_hemoglobin
right,studies,left
hba,is_a,oxygen_carrying_molecule
sickle_cell_anemia,is_a,hemoglobinopathy
thalassemia,is_a,hemoglobinopathy
anemia,has_cause,chronic_hypoxia
oxygen_dissociation_curve,is_instance_of,curve
fetal_hemoglobin,is_different_from,hba
hemoglobinopathies,is_a,disease
oxygen,has_part,hb_iron
chronic_hypoxia,causes,anemia
hb,is_a,hemoglobin
left,studied_by,right
hemoglobin,is_not,hemoglobins
hba2,is_part_of,e
acidosis,causes,sickle_cell_anemia
hba,is_instance_of,amino_acid_substitution
hba,is_part_of,hemoglobin
hemoglobin,has_molecule,oxygen
relaxed_conformation,is_opposite_of,taut_conformation
adult_blood,is_opposite_of,fetal_blood
hba2,is_part_of,hemoglobin
hba1c,is_instance_of,amino_acid_substitution
globin,is_a,chain
one best answer,is_a,choose the one best answer
d.c.,is_administrative_body_of,washington
hemoglobins,is_not,hemoglobin
hbs,is_type_of,hemoglobin
hemoglobin,has_component,hba
fetal_blood,is_opposite_of,adult_blood
1,is_at_point_in_time,2.2
taut_conformation,is_opposite_of,relaxed_conformation
hba1c,is_subclass_of,hba
hba,is_a,hemoglobin
choose the one best answer,is_a,one best answer
washington,is_administrative_body_of,d.c.
hemoglobin,has_part,oxygen
ph,has_effect,acidosis
saturation,is_facet_of,oxygen
acidosis,causes,ph
ph,is_facet_of,bohr_effect
oxygen,has_facet,saturation
hemoglobin,part_of,2
hemoglobin,has_part,deoxy
hemoglobin,is_a,polypeptide
d.c.,is_twinned_with,washington
hemoglobin,part_of,3-bisphosphoglycerate
deoxy,part_of,hemoglobin
washington,is_twinned_with,d.c.
hba,has_part,oxygen
molecule,is_a,amino_acid
hba,part_of,molecule
carbon_dioxide,is_a,oxygen
molecule,part_of,tissues
ph,practices,oxygen_affinity
oxyhemoglobin,different_from,deoxyhemoglobin
heme group,has_part,molecule
molecule,part_of,heme group
hb_helsinki,located_in,helsinki
2_3-bisphosphoglycerate,part_of,molecule
molecule,is_a,methionine is a type of molecule
dc,twinned_administrative_body_of,washington
washington,twinned_administrative_body_of,dc
2_3-bisphosphoglycerate,has_part,hba
tissues,has_part,oxygen
deoxyhemoglobin,different_from,oxyhemoglobin
bibliothčque_nationale_de_france,located_in,paris
diagnosis,instance_of,most_likely_diagnosis
hemoglobin_b,is_distinct_from,hemoglobin_f
hbs,has_part,hbf
hfc,is_distinct_from,hbf
death,has_effect,coma
nonsickling_diseases,has_subclass,hemoglobin_c_disease
benzocaine,treats,methemoglobinemia
methemoglobinemia,is_treated_by,benzocaine
hbs,is_distinct_from,hbc
hemoglobin,is_a,methemoglobin
methemoglobinemias,is_a,chocolate_cyanosis
point_in_time_6,is_equal_to,6.6
hemoglobin,is_a,hemoglobin_c_disease
tissue_hypoxia,causes,dyspnea
hemoglobin_f,is_distinct_from,hemoglobin_b
amino acid,has_part,protein
fibrous protein,is_a,collagen
coviden,facet_of,collagen
cornea,has_part,eye
fibrous protein,is_a,elastin
eye,part_of,cornea
eye,part_of,sclera
eye,part_of,vitreous_humor
fibers,part_of,collagen
collagen,is_a,protein
cornea,part_of,eye
domains,is_a,proteins
fibril_forming_collagens,is_a,collagens
2.2,is_point_in_time,2
type_ii,is_opposite_of,type_i
blood_vessels,is_a,tissues
type_i,is_opposite_of,type_ii
type_i_collagen_fiber,is_opposite_of,type_ii_collagen_fiber
type_ii_collagen_fiber,is_opposite_of,type_i_collagen_fiber
banding,practices,electron_microscope_study
fibrillar_collagens,is_a,collagen
alpha_chain,is_a,amino_acid_sequence
interchain,is_a,hydrogen_bond
tissues,part_of,collagen
groups,is_a,collagens
basement_membrane,is_a,filtration_barrier
meshwork,part_of,basement_membrane
1,studies,point_in_time: 1
fibril_associated_collagens,is_a,collagen_type
3.3,studies,point in time: 3
network_forming_collagens,is_a,collagen
point in time: 2,is_a,meshwork_time
basement_membrane,has_part,meshwork
interchain,is_a,hydrogen_bond
2.2,studies,point in time: 2
alpha_helix,is_different_from,alpha_chain
hydroxylysine,is_a,residue
hydroxyproline,is_a,residue
proline,is_a,residue
alpha_chain,is_a,peptide_chain
collagen,has_part,glycine
alpha_chain,is_different_from,alpha_helix
helix,has_part,chains
glycine,is_an_instance_of,amino_acid
polytripeptide,is_a,sequence
chains,part_of,helix
proline,is_a,residue
collagen_fibers,are_a,cross_linked_entity
chondroblasts,are_part_of,cartilage
triple_helix,precedes,polypeptide_chain
hydroxylysine,is_a,amino_acid
polypeptide_chain,follows,triple_helix
ecm,is_part_of,triple_helix
interchain,is_a,hydrogen_bond
3.3,is_point_in_time,3
hydroxyproline,is_a,amino_acid
hydroxyl_group,is_composed_of,hydroxyl
hydroxylation,is_a,modification
lysine,is_a,residue
hydroxyl,has_part,hydroxyl_group
polypeptide,is_a,signal
collagen,is_a,proteins
lumen,part_of,endoplasmic_reticulum
protein,has_part,amino_acid
pro_alpha_chain,is_a,collagen
endoplasmic_reticulum,part_of,lumen
glucosyl-galactose,is_an_instance_of,glycosylation
ecchymoses,is_a,bruise
proline,practices_having,h-bond
2.2,point_in_time,2
hydroxylysine,is_an_instance_of,residues
4.4,point_in_time,4
ferrous_iron,has_part,fe2+
hydroxylation,is_a,enzymic
cross_linked,is_not,collagen
proline,is_an_instance_of,residues
lysine,is_an_instance_of,residues
collagen,is_not,cross_linked
scurvy,is_a,deficiency_disease
lysine,practices_having,h-bond
hydroxyproline,is_an_instance_of,residues
molecule,has_part,atom
triple_helix,has_part,alpha_chain
extracellular_space,has_part,cell_membrane
secretory_vesicles,part_of,golgi_apparatus
procollagen,is_a,collagen
interchain,is_a,disulfide_bond
collagen_fibril_formation,produces,collagen
n_and_cprocollagen_peptidases,is_subclass_of,cleaved
normal_collagens,is_a,molecule
type_i_collagen,is_a,collagen
cross-link formation,is_a,molecule
collagenase,is_a,matrix_metalloproteinase
lysyl oxidase,studies,cross-link formation
lysine,is_a,aldehyde
dopamine hydroxylase,is_a,cytochrome_c_oxidase
growth,practices,injury
hydroxylysine,is_a,aldehyde
lysyl oxidase,is_a,copper_containing_enzyme
matrix_proteinase,is_a,protein
collagenopathies,is_a,disease
injury,is_a,event
x-linked_menkes_syndrome,is_a,copper_deficiency
allysine,is_a,residue
tissues,part_of,fibers
gene,encodes,protein
collagenopathies,is_a,disease
chains,part of,collagen
mutant chain,subclass of,triple helix
type v,subclass of,collagen
elastin,is_a,protein
elastin
glycoprotein
point_in_time,studies,iii
elastin
protein
elastin,is_a,glycoprotein
point_in_time
protein
elastin,has_part,elastin
recoil
elastin
recoil,opposite_of,stretched
structure
iii
elastin,part_of,iii
collagen
stretched
structure,facet_of,aa
iii
collagen,is_a,protein
elastin
microfibril,has_part,protein
connective_tissue,has_part,elastin
hydroxyproline,is_different_from,proline
proline,is_different_from,hydroxyproline
desmosine_cross_link,has_part,lysyl_side_chain
elastin,part_of,connective_tissue
ecm,part_of,cell
marfan_syndrome,is_a,oi
glycine,is_a,amino_acids
marfan_syndrome,is_a,connective_tissue_disorder
valine,is_a,amino_acids
alanine,is_a,amino_acids
fibrillin,is_a,glycoprotein
tropoelastin,is_a,polypeptide
extrahepatic synthesis,subclass of,synthesis
proteases,subclass of,proteolytic enzymes
alveolar walls,connects with,lung tissue
plasma,part of,liver
protease,subclass of,proteins
aat,subject has role,inhibitor
2.2,point in time,2
peptidases,subclass of,proteolytic enzymes
lung,has part,alveoli
alveoli,part of,lung
trypsinogen,subclass of,proteolytic enzyme
lung tissue,connects with,alveolar walls
caucasians,is_a,northern_european
scarring_of_the_liver,is_a,cirrhosis
misfolded_protein_diseases,is_a,aat_deficiency
alpha1-antitrypsin_deficiency,has_effect,emphysema
aat,has_member,smokers_with_aat
methionine_358,inhibits,protein
smokers_with_aat,practices,smoking
lysine,is_a,amino_acid
blood,part_of,body
z_variant,is_a,mutated_protein
body,has_part,liver
emphysema,has_effect,alpha1-antitrypsin_deficiency
gene,is_a,heterozygote
liver,part_of,body
emperysema,studied_by,alpha1-antitrypsin_deficiency
protein,is_inhibited_by,methionine_358
lung_epithelial_cells,part_of,lung
nonsmokers,opposite,smokers
weekly_augmentation_therapy,is_a,intravenous_administration
smokers,opposite,nonsmokers
elastase,produces,elastin
leg,has_effect,falls_over
chronic_obstructive_pulmonary_disease,is_a,obstructive_lung_disease
leg,has_effect,when
leg,has_effect,swells
elastin,is_different_from,collagen
humerus,connects_with,clavicle
clavicle,connects_with,humerus
alpha1-antitrypsin (aat) deficiency,is_a,genetic_disorder
pathology,has_subclass,deficiency
emphysema,is_treated_by,fibrillin
collagen,is_different_from,elastin
femur,is_instance_of,bone
child_abuse,is_a,nonaccidental_trauma
fibrillin,treats,emphysema
sclerae,has_subclass,blue_sclerae
swollen_leg,has_cause,falls_over
osteoporotic,has_effect,fracture
scurvy,is_caused_by,vitamin_c_deficiency
2.2,is_point_in_time_of,2
not_seen_in_this_child,is_different_from,pulmonary_problems
vitamin_c_deficiency,affects,hydroxylation
nomenclature,instance_of,names
trypsin,instance_of,trivial_name
glucosidase,is_a,enzyme
lactate_dehydrogenase,is_a,enzyme
systematic_name,is_instance_of,bb
systematic_name,has_part,enzyme_list
urease,is_a,enzyme
ii.,instance_of,point_in_time
direct,part_of,metabolic
pepsin,instance_of,trivial_name
recommended_name,said_to_be_the_same_as,short
substrates,is_a,biologic_reaction
adenylyl_cyclase,is_a,enzyme
short,said_to_be_the_same_as,recommended_name
catalysts,is_a,enzyme
synthase,is_a,enzyme
systematic_name,is_a,systematic_naming_system
phosphodiester,is_a,peptide_bond
catalysts,practices,chemical_reaction
ribozyme,is_a,rna
active_site,belongs_to,aa
phosphorylase,is_a,enzyme
systematic_name,provides_information,informative
dehydrogenase,is_a,enzyme
synthetase,is_a,enzyme
oxidoreductase,practices,redox_reaction
phosphatase,is_a,enzyme
classification_number,has_list_element,enzyme
lactate:nad+_oxidoreductase,is_instance_of,1_27
inorganic_phosphate,is_a,phosphate
catalyzed,practices,chemical_reaction
oxygenase,practices,redox_reaction
coenzymes,has_part,cofactor
enzyme,is_a,catalyst
enzyme-product,is_a,complex
rate_constant,instance_of,kcat
cofactor,is_a,molecule
catalyzing,practices,chemical_reaction
apoenzyme,is_a,holoenzyme
enzyme,practices,catalysis
enzyme,is_a,protein
complex,part_of,noncovalently_bound_component
catalysis,uses,enzyme
cofactors,has_part,cofactor
kcat,is_facet_of,substrate
substrate,has_turnover_number,turnover_number
enzyme_catalyzed_reaction,opposite_of,uncatalyzed_reaction
fad,is_a,prosthetic_group
e_regulation,practices,regulation
cosubstrates,is_a,cofactor
mechanism_of_enzyme_action,facet_of,enzyme_action
apoenzyme,part_of,holoenzyme
nad+,practices,dissociates
organelle,has_part,cell
coenzyme,is_a,organic_molecule
iv,is_a,point_in_time
cofactors,is_a,vitamin
cell,part_of,organelle
product,has_part,substrate
pathways,is_a,reaction
nonproteins,is_a,enzyme
holoenzyme,part_of,apoenzyme
action,has_part,mechanism
chemical_reaction,has_effect,products
active_site,practices,catalysis
uncatalyzed,is_a,chemical_reaction
activation_energy,is_a,free_energy
uncatalyzed_reaction,is_a,reaction_pathway
mechanism,part_of,action
products,is_a,intermediate
1,is_a,point_in_time
molecule,has_part,energy
catalysis,is_a,energy
equilibrium,is_a,rate_by_which
free_energy,practices,equilibrium
transition_state,part_of,reaction
active_site,is_a,chemical_mechanism
product,part_of,molecule
3.3,is_a,instance
catalytic_efficiency,is_a,facet_of
1,is_a,instance
molecule,is_a,product
energy barrier,studies,transition state
molecule,practices,reaction
reaction,is_a,process
stabilized-state,different-from,isolated
catalysis,uses,catalytic-group
es-complex,is_a,covalent-es-structure
process,occurs_at,2.2
transition-state,is_a,stabilized-state
ph,has_facet,pk
process,occurs_at,3.3
residues,is_a,amino-acid
transition-state,is_not,isolated
process,practices,catalysis
isolated,different-from,transition-state
isolated,is_not,transition-state
catalysis,is_practiced_by,enzyme
in_vitro,uses,test_tube
head,connects_with,arms
enzymes,facet_of,reaction_velocity
arms,connects_with,head
infant,uses,sweater
substrate,has_part,enzyme
cells,is_a,in_vivo
es,part_of,transition_state
product,is_a,disrobed_baby
concentration,is_a,substrate_concentration
molar_amount,is_subclass_of,product
reaction,studies,product
maximal_velocity,is_a,reaction_velocity
product,is_a,molar_amount
binding_sites,part_of,enzyme
reaction,studies,has effect
energy,has_facet,energy_barrier
hemoglobin,practices,oxygen_binding
oxygen_dissociation_curve,is_part_of,myoglobin
myoglobin,practices,oxygen_binding
reaction_velocity,has_facet,ph_effect_on_active_site_ionization
ph_effect_on_active_site_ionization,is_facet_of,reaction_velocity
ionized,is_a,chemical_group
ph,practices,alkaline
denaturation,studies,reaction velocity
protonated,is_a,amino_group
temperature,is_instance_of,35°c
unionized,is_a,chemical_group
thermophilic,is_a,bacteria
temperature,is_instance_of,40°c
es_complex,practices,enzyme_regeneration
enzyme_class,has_part,enzyme
michaelis_menten_equation,practices,michaelis_menten_theory
enzyme,is_a,enzyme_class
michaelis_menten_theory,studies,leonor_michaelis_and_maude_meten
ph,is_a,digestive_enzyme
point_in_time,practices,has_effect
substrate,practices,reaction_occurrence
regenerating_the_free_enzyme,is_a,es_complex
person,practices,marriage
marriage,is_a,spouse_relation
vi,is_a,point_in_time
rate_constant,is_a,k1
leonor_michaelis_and_maude_meten,has_part,person
product,is_a,p
digestive_enzyme,studies,pepsin
molecule,is_a,substrate
back_reaction,part_of,substrate
km_characteristics,is_a,michaelis_constant
vmax,said_to_be_same_as,michaelis_constant
substrate,used_by,enzyme
conclusion,part_of,important_conclusions
time,part_of,point_in_time
enzyme_concentration,has_part,michaelis_constant
important_conclusions,has_part,conclusion
velocity,is_a,vmax
enzyme,is_a,reaction
steady-state assumption,is_a,instance
initial_velocity,is_a,initial_reaction_velocity
point_in_time,part_of,event
michaelis_constant,said_to_be_same_as,vmax
enzyme,practices,catalysis
initial_reaction_velocity,studies,initial_velocity
event,part_of,point_in_time
b,opposite_of,c
c,opposite_of,b
enzyme,uses,substrate
instance,part_of,steady-state assumption
3.3,is_a,time
rate_of_degradation,opposite_of,rate_of_synthesis
[s],opposite_of,vo
first_order,is_a,rate_of_reaction
km,same_as,vmax
velocity,studies,rate of reaction
velocity,same_as,vmax
lineweaver_burk_plot,practices,depicts
inhibitor,is_a,mechanism_of_action
lineweaver_burk_plot,is_a,equation
vmax,same_as,velocity
reaction,part_of,substrate_concentration
enzyme,is_a,reaction
3.3,is_a,point_in_time
vo,opposite_of,[s]
saturated,is_a,rate_of_reaction
vmax,same_as,km
enzyme_inhibition,is_a,inhibition
cysteine,is_a,sulfhydryl
noncovalent_bond,causes,dissociation
competitive,is_a,reversible_inhibition
inhibitor,is_a,suicide_inhibitor
covalent_bond,has_function,binds
high,has_component,s
irreversible,is_different_from,reversible
noncompetitive,is_a,reversible_inhibition
reversible,is_different_from,irreversible
s,belongs_to,high
inhibitor,is_a,catalyst
competitive_inhibition,is_a,inhibitor
affects_vmax,is_property_of,inhibitor
mechanism_based_inhibitor,is_a,irreversible_inhibitor
vii,is_a,point_in_time
dissociation,occurs_in,noncovalent_bond
ferrochelatase,is_a,enzyme
vmax,has_part,substrate
lineweaver_burk_plot,practices,effect_on_the_lineweaver_burk_plot
km,part_of,apparent_km
apparent_km,has_part,km
statin,is_a,antihyperlipidemic_agent
uninhibited,inhibited_by,inhibited
different_from,inverse_of,opposite
enzyme_substrate_complex,has_part,free_enzyme
noncompetitive_inhibition,is_type_of,inhibition
atorvastatin,is_a,statin
noncompetitive_inhibitor,is_a,noncompetitive_inhibitor_
pravastatin,is_a,statin
plasma_cholesterol_levels,affected_by,de_novo_cholesterol_synthesis
reaction,is_a,catalyzed_reaction
transition_state_analog,is_facet_of,transition_state
lipitor,is_a,statin
inhibited,inhibits,uninhibited
free_enzyme,is_part_of,enzyme_substrate_complex
enzyme_inhibitor,is_a,drugs
noncompetitive_inhibitor,opposite,inhibitor
noncompetitive_inhibitor,instance_of,drugs
vmax,part_of,effect_on
allopurinol,instance_of,prodrug
reaction,part_of,effect_on
noncompetitive_inhibition,opposite,competitive_inhibition
vmax,is_a,reaction
aspirin,is_a,nonprescription_drug
vasoconstrictor,is_a,substance
angiotensin_ii,studies,vasoconstricts
lisinopril,practices,blood_pressure
degradation,opposite_of,synthesis
angiotensin_i,studies,vasoconstricts
inhibiting,is_a,drug
enzyme,instance_of,regulation
angiotensin_converting_enzyme,is_a,inhibitors
amoxicillin,is_a,beta_lactam_antibiotic
km,facet_of,intracellular_level
penicillin,is_a,beta_lactam_antibiotic
captopril,practices,treats
reaction_rate,is_measured_by,concentration
enzyme,regulates,metabolic_processes
enzyme_inhibitor,is_a,drug
captopril,practices,blood_pressure
metabolic_processes,participates_in,organism
reaction_rate,affects,concentration
lisinopril,practices,treats
positive effectors,opposite_of,negative_effectors
enzyme,part_of,subunit
molecule,part_of,active site
committed_step,is_a,catalyze
negative_effectors,opposite_of,positive_effectors
enzyme,is_a,catalytic_activity
oxygen,has_part,hemoglobin
hyperbolic_curve,is_a,michaelis_menten_kinetics
enzyme,has_part,substrate
harvard_university,part_of,john_f_kennedy_school_of_government
2,point_in_time,2.2
binding_sites,practices,cooperativity
plotted,is_a,sigmoidal_curve
homotropic,studies,homotropic effectors
homotropic_effectors,is_a,homotropic
positive_effector,is_a,allosteric_substrate
cellular processes,is_a,regulated
phosphoprotein,is_a,phosphatases
enzyme,part_of,allosteric site
heterotropic,is_a,effectors
enzymes,is_a,protein kinase
2,is_point_in_time,2.2
irreversible step,is_a,inhibited
effectors,is_a,heterotropic
glycolytic,practices,phosphofructokinase-1
feedbackinhibitionofametabolicpathway,has_facet,figure5.17feedbackinhibitionofametabolicpathway
feedback inhibition,practices,figure 5
phosphate,has_part,tyrosine
product,is_a,substrate
glycogen-synthase,is_different_from,glycogen-phosphorylase
enzyme-synthesis,produces,enzyme
enzyme-response-to-phosphorylation,studies,phosphorylation
phosphorylation,has_effect,enzyme-response-to-phosphorylation
glycogen-phosphorylase,is_different_from,glycogen-synthase
active_site,is_a,site
enzyme_synthesis,practices,enzyme_degradation
regulation_of_synthesis,is_a,enzyme
covalent_regulation,opposite_of,allosteric_regulation
enzyme,has_part,active_site
insulin,part_of,glucose_metabolism
allosteric_regulation,opposite_of,covalent_regulation
activity_is_regulated,is_facet_of,enzyme
clinical_diagnosis,has_facet,enzymes_in_clinical_diagnosis
ix,is_instance_of,time
molecule,has_part,active site
enzyme_synthesis,produces,enzyme
enzyme,is_a,molecule
active site,is_part_of,enzyme
enzyme_degradation,practices,enzyme_synthesis
blood,part_of,plasma
plasma,studies,tissue_damage
cells,is_a,b_cell
whole_blood,part_of,serum
tissue_damage,has_effect,plasma_levels
plasma_enzyme_levels_in_disease_states,has_facet,a
plasma,studies,physiologic
plasma,is_different_from,serum
plasma,part_of,blood
serum,is_part_of,whole_blood
cells,part_of,plasma
zymogen,is_a,enzyme
enzyme,contributes_to,heart_disease
tissue_damage,caused_by,enzyme_activity
tissue,is_located_in,plasma
alanine_aminotransferase,is_instance_of,enzyme
heart,is_a,tissue
skeletal_muscle,is_a,tissue
plasma_enzyme,is_a,enzyme
liver_function_test,measures,alt_level
tissue_damage,causes,disease
liver,is_a,tissue
disease,has_effect,tissue_damage
enzyme_activity,is_in,plasma
hepatic_tissue,is_part_of,plasma
cellular_injury,caused_by,tissue
tissue,causes,cellular_injury
creatine_kinase,treats,myocardial_infarction
electrocardiogram,treats,heart_disease
amino_acid,part_of,sequence
tissue_damage,is_a,damage
electrophoresis,practices,electric_field
bb_isoform,is_opposite_of,mm_isoform
myosin_beta,is_a,protein
sequence,has_part,amino_acid
myocardial_infarction,is_treated_by,creatine_kinase
myosin_beta,is_a,myosin
dimer,is_a,polypeptide
ck,is_a,isoenzyme
isoenzyme,has_quaternary_structure,isoenzyme_structure
cardiac_muscle,has_part,myosin_beta
isoenzyme,part_of,organ
tissue,causes,tissue_damage
mm_isoform,is_opposite_of,bb_isoform
isozyme,is_a,enzyme
body_fluid,has_part,plasma
biomarkers,studies,diagnosis_of_myocardial_infarction
troponin_t,is_a,regulatory_protein
infarction,has_effect,myocardium
cardiac_tissue,is_a,sensitive_tissue
plasma,part_of,body_fluid
cardiac_damage,has_effect,cardiac_specific_isoforms
ck2,is_a,isoenzyme
ck2,has_part,plasma
myocardium,is_part_of,infarction
characteristic_changes_in_ecg,is_a,mi_diagnosis
enzyme_substrate_complex,has_part,substrate
reaction_pathway,is_a,reaction
michaelis_constant,instance_of,km
competitive,opposite_of,noncompetitive
product,part_of,enzyme
active_site,part_of,enzyme
free_energy,has_effect,equilibrium
noncompetitive,opposite_of,competitive
consumed,has_effect,reaction
enzyme,is_a,protein
catalysis,practices,enzyme
2012_summer_olympics,point_in_time,2012
catalysts,is_a,chemical_reaction
myoglobin,part_of,oxygen
inhibitor,is_a,catalyzed_reaction
equilibrium,caused_by,free_energy
enzyme,part_of,active_site
oxygen-dissociation curve,part of,hemoglobin
covalent modification,subclass of,enzyme
active site,part of,molecule
negative,opposite of,positive
catalytic activity,subclass of,enzyme
catalyze,part of,pathway
oxidized,subclass of,reaction
therapeutic,part of,medicine
km,subclass of,apparent
irreversible,opposite of,competitive
one best answer,said to be the same as,choose the one best answer
catalytic,has cause,oxidized
vmax,has part,substrate
inhibition,has cause,ethanol
vmax,subclass of,reaction velocity
inhibitor,has part,substrate concentration
competitive,opposite of,irreversible
diagnostic,part of,medicine
ethylene glycol poisoning,subclass of,metabolic acidosis
2.2,point in time,2
ethanol,has effect,inhibition
ethanol,medical condition treated,ethylene glycol poisoning
reduced,subclass of,reaction
coenzyme,subclass of,prosthetic
ethylene glycol poisoning,drug used for treatment,ethanol
coenzyme,subclass of,cosubstrate
choose the one best answer,said to be the same as,one best answer
apoenzyme,has part,nad+
adh,has part,ethanol
oxidized,has effect,catalytic
cofactor,is_a,ion
heterotropic,is_a,effector
coenzyme_prosthetic_group,is_a,organic_molecule
free_energy,causes,reaction
world_war_i,precedes,world_war_ii
coenzymes_cosubstrates,is_a,organic_molecules
reaction,has_effect,free_energy
reaction,has_effect,product
cofactor,studies,ion
point_in_time_4_4,is_a,time
catalyzed_reaction,practices,forward_reaction
product,has_part,reactant
protein_enzyme,is_a,protein
uncatalyzed_reaction,is_a,reaction
product,has_cause,reaction
substrates,opposite_of,heterotropic_effectors
cofactor,subclass_of,organic_molecules
kinetics,opposite of,bioenergetics
bioenergetics,opposite of,kinetics
world war ii,follows,world war i
free energy,studied by,thermodynamics
reaction,has cause,chemical reaction
entropy,said to be the same as,free energy
reaction components,different from,reaction mechanism
biologic systems,studied by,bioenergetics
free energy,said to be the same as,entropy
chemical reaction,has effect,reaction
world war i,followed by,world war ii
chemical reaction,studied by,thermodynamic
reaction mechanism,different from,reaction components
bioenergetics,studies,biologic systems
entropy,different from,enthalpy
initial and final energy states,facet of,reaction components
chemical reaction,subclass of,process
free energy,is_a,energy_change
3.3,instance_of,time_point
deltag,is_a,energy_gain
b,opposite,a
back_reaction,practices,forward_reaction_opposite
equilibrium,is_a,reaction
pressure,different_from,temperature
product,part_of,reactant
a,opposite,b
natural_logarithm,depicts,product_ln
zero_deltag,is_instance_of,equilibrium
positive,subclass_of,gain_of_energy
forward_reaction,practices,back_reaction_opposite
absolute_temperature,is_a,temperature
endergonic,is_a,reaction
molecule,has_part,kilojoule
products,part_of,reaction
reaction,has_part,products
2.2,point_in_time,2
natural_logarithm,has_part,ln1
standard_free_energy_change,is_a,free_energy_change
product,has_part,substrate
products,studied_by,reaction
ln1,part_of,natural_logarithm
2.2,is_a,point_in_time
keq,is_a,constants
2.2,studies,point_in_time
coupled reaction,has part,intermediate
energy coupling,subclass of,mechanical model
atp,has part,phosphate
intermediate,subclass of,reaction
adenosine diphosphate,has part,phosphate
intermediate,part of,coupled reaction
exergonic hydrolysis,product or material produced,atp
common intermediate,subclass of,intermediate
b,part of,atp
atp,has part,b
biologic reaction,has part,intermediate
enzyme,subclass of,intermediate
intermediate,part of,biologic reaction
adenosine,has_part,phosphate
high_energy_phosphate_compound,has_part,adenosine_triphosphate
adenosine_triphosphate,part_of,high_energy_phosphate_compound
adenosine_monophosphate,part_of,high_energy_phosphate_compound
atp,is_a,nucleotide
world_war_i,followed_by,world_war_ii
adenosine_monophosphate,is_a,nucleotide
electron_transport_chain,is_a,electron_carrier
carbon dioxide,has_part,h2o
fadh2,is_a,flavin_adenine_dinucleotide
flavin_adenine_dinucleotide,has_part,fadh2
h2o,has_parts,oxygen
mitochondria,part_of,tissues
water,part_of,electron_transport_chain
nadh,is_a,nicotinamide_adenine_dinucleotide
nicotinamide_adenine_dinucleotide,has_part,nadh
h2o,is_a,oxygen
electron_carrier,part_of,electron_transport_chain
atp,has_part,h_
crista,subclass of,convolutions
mitochondrial matrix,part of,mitochondria
ribosome,has part,ribonucleic acid
mitochondria,has part,mitochondrial membrane
mitochondrial membrane,part of,mitochondrion
ribonucleic acid,part of,ribosome
carrier,part of,transport system
mitochondrial membrane,part of,mitochondria
mitochondria,has part,matrix
porin,instance of,protein
transport system,has part,carrier
hydride,has_part,h_+
iv,is_a,protein_complex
tca_cycle,has_part,dehydrogenase
2.2,is_point_in_time,2
h2o,has_part,h_+
cytochromes,part_of,cytochrome_a__a3_complex
coq,is_instance_of,quinone
cytochrome_c,is_a,electron_carrier
ii,is_a,protein_complex
dehydrogenase,part_of,tca_cycle
cytochrome_a__a3_complex,has_part,cytochromes
nadh,has_part,hydrogen_
iii,is_a,protein_complex
fe-s_centers,has_part,iron
succinate_dehydrogenase,is_a,mitochondrial_dehydrogenase
intermembrane_space,part_of,mitochondrial_membrane
glycerol_3-phosphate_dehydrogenase,is_a,mitochondrial_dehydrogenase
flavin_mononucleotide,is_a,cofactor
complex_ii,produces,h+
ubiquinone,is_the_same_as,ubiquitous
coenzyme_q,is_a,quinone
fmnh2,has_part,hydrogen
peptide,practices,catalysis
catalysis,has_part,peptide
fadh2,is_a,cofactor
intermediate,is_a,compound
mitochondrial_membrane,part_of,intermembrane_space
complex_i,is_a,protein_complex
6,is_a,point_in_time
1980,is_a,point_in_time
cytochrome_a3,practices,cytochrome_a
cua,has_part,cub
h2o,has_part,h+
cytochrome_c_oxidase,has_part,cu
superoxide,is_type_of,reactive_oxygen_species
atp_synthesis,is_caused_by,inhibition_etc
sodium_azide,has_part,nan3
cytochrome_a,practices,cytochrome_a3
oxidation,opposite_of,reduction
site_specific_inhibitor,is_type_of,inhibitors
reduced,opposite_of,oxidized
inhibition_etc,causes,atp_synthesis
superoxide_dismutase,is_instance_of,enzyme
h2o,has_part,o2
catalase,is_instance_of,enzyme
hydrogen_peroxide,is_type_of,reactive_oxygen_species
glutathione_peroxidase,is_instance_of,enzyme
reduction,opposite_of,oxidation
cytochrome_a_a3,part_of,cytochrome_complex
dna,encodes,proteins
oxidized,opposite_of,reduced
cytochrome_complex,has_part,cytochrome_a_a3
hydroxyl_radicals,is_type_of,reactive_oxygen_species
complex i,part_of,complex iv
redox_reaction,has_part,electrons
fmnh2,instance_of,redox_pair
complex iv,practices,reduces
point_in_time,instance_of,2.2
reduces,follows,oxidation
reduction_potential,instance_of,e0
nadh_dehydrogenase,product_of,nadh
nad+,instance_of,redox_pair
oxidation,is_a,redox_reaction
fmn,instance_of,redox_pair
nadh,instance_of,redox_pair
redox_pair,has_part,electrons
f
coq,has_part,f
electron-donating_pair
electron
e0,studies,e0 (invalid: self-reference)
e0
adp
o2,has_parts,electrons
atp
redox_pair
redox_pair,has_part,electron
e0
electrons
atp,part_of,pi
heat
e0,part_of,redox
redox
redox
redox,has_part,reductant
reductant
ancillary_reaction
complex,part_of,p:o
i
pi
heat,is_a,ancillary_reaction
complex
values
fadh2,has_part,f
coq
f
electron-donating_pair,opposite_of,electron-accepting_pair
adp
e0 (invalid: self-reference)
e0,is_a,values
fadh2
atp
atp,different_from,adp
o2
electron-accepting_pair
adp,different_from,atp
atp
reductant
reductant,part_of,redox_pair
redox_pair
p:o
i,is_a,bypassed
h_,part_of,o2
intermembrane_space,has_part,mitochondrial_membrane
atp_synthesis,produces,atp
atp_synthesis,uses,proton_motive_force
ph,property_of,chemical
electron_donor,opposite,electron_acceptor
proton_pump,is_a,pump
phosphorylation,follows,oxidation
1,point_in_time,2.2
atp,is_a,free_energy
electron_acceptor,opposite,electron_donor
mitochondrial_membrane,part_of,intermembrane_space
o2,has_part,h_
atp synthase,part_of,mitochondrial matrix
mitochondrion,part_of,mitochondrial matrix
adenosine diphosphate,has_part,atp
membrane domain,part_of,mitochondrial matrix
ph,creates,electrical_gradient
decreasing,opposite_of,increasing
increasing,opposite_of,decreasing
coupling,is_a,atp_synthesis
atp_synthesizer,produces,atp
atp_synthesis,has_part,h_plus_pumping
john_f_kennedy_school_of_government,part_of,harvard_university
adp,is_part_of,atp
fat_depot,is_a,brown_fat_depot
h_+,different_from,atp
brown_fat,opposite_of,white_fat
wrote,studies,cymbeline
william_shakespeare,practices,wrote
cymbeline,is_a,play
play,has_author,william_shakespeare
ucp1,has_part,catecholamine
white_fat,opposite_of,brown_fat
mitochondrial_membrane,part_of,uncoupling_protein
atp,different_from,h_+
mitochondria,has_part,brown_adipocyte
energy,is_a,heat
uncoupling_protein,part_of,mitochondrial_membrane
toxic_overdoses,effects,fever
cytosol,has_part,h+
2_2,is_point_in_time,2
mitochondrial_membrane,part_of,mitochondrial_transport_system
mitochondrial_membrane,has_part,h+
2_4_dinitrophenol,practices,ionophores
aspirin,is_a,salicylates
cytosol,connects_with,mitochondrial_matrix
synthetic_uncoupler,is_a,uncoupler
adp,is_different_from,atp
mitochondrial_matrix,connects_with,cytosol
heat,is_a,energy
ucp,part_of,mitochondrial_transport_system
atp,is_different_from,adp
mitochondria,has_part,cytosol
fever,causes,toxic_overdoses
ucp,is_a,uncoupler
mitochondrial_membrane,part_of,cell
coq,is_a,coenzyme_q
atp,has_part,nadh
glycerol_3_phosphate_shuttle,practices,a
malate,part_of,mitochondrial_matrix
aspartate_shuttle,is_named_after,b._malate
mitochondrial_membrane,part_of,inner
nadh,has_part,dihydroxyacetone_phosphate
coq,is_a,quinone
glycolysis,has_part,cytosol
cytosol,part_of,glycolysis
coq,practices,oxidizes
atp,has_part,fadh2
nadh,has_part,reducing_equivalents
coq,has_part,atp
dihydroxyacetone_phosphate,part_of,nadh
oxidized,is_subclass_of,reduced
glycolysis,is_a,process
mtdna,different_from,nuclear_dna
nuclear_dna,different_from,mtdna
mitochondria,is_a,organelle
mitochondria,has_part,mtdna
mtdna,part_of,mitochondria
mitochondria,has_effect,apoptosis
heart_muscle,part_of,skeletal
leber_hereditary_optic_neuropathy,is_a,neuroretinal_degeneration
caspase,is_a,proteolytic_enzymes
cytosol,part_of,intermembrane_space
apoptosis,is_a,programmed_cell_death
spontaneously,is_a,reaction
cytochrome_c_oxidase,is_a,terminal_cytochrome
reaction,part_of,spontaneous
equilibrium,is_a,reaction
water,has_part,oxygen
back_reaction,practices,forward_reaction
electron_transport,is_a,transport
forward_reaction,practices,back_reaction
free_energy,has_part,delta_g
hydrolysis,is_a,reaction
nicotinamide_adenine_dinucleotide,is_a,reduced_cofactor
flavin_adenine_dinucleotide,is_a,reduced_cofactor
electron_carrier,part_of,electron_transport_chain
electron_transport_chain,has_part,electron_carrier
intermembrane_space,has_part,mitochondrial_membrane
inhibition,subclass_of,inhibits
cell_death,is_a,apoptotic
mitochondrial membrane,part_of,intermembrane space
mitochondrial_diseases,caused_by,mitochondrial_dna
phosphorylation,part_of,oxidative_phosphorylation
mitochondrial_dna,affects,mitochondrial_diseases
mitochondrial_membrane,part_of,mitochondria
atp_synthase,is_a,synthase
ph,is_a,synthase
oxidative_phosphorylation,has_part,phosphorylation
mitochondria,produces,atp
nicotinamide_adenine_dinucleotide,is_type_of,cofactor_q
c_cyanide,participates_in,electron_flow
metabolism,includes,energy_capture
mitochondrial_membrane,produces,atp
heat,is_caused_by,body_temperature
hypermetabolism,affects,body_temperature
body_temperature,affects,heat
correct_answer,has_component,b
electron_transport_chain,contains,cyanide
body_temperature,causes,hypermetabolism
1,is_at,1939
electron_transport,is_part_of,electron_transport_chain
mitochondrial_membrane,is_a,proton_gradient
gains_electrons,is_a,tendency
flavin_adenine_dinucleotide,is_type_of,cofactor_q
mitochondria,produces,atp
mitochondrial_membrane,has_part,nicotinamide_adenine_dinucleotide
terminal_acceptor,part_of,electron_transport_chain
complex_iv,part_of,electron_transport_chain
oaa,has_part,o
electron_transport_chain,part_of,complex_iv
complex_i,part_of,electron_transport_chain
4.4,point_in_time,4
electron_transport_chain,part_of,complex_i
oxaloacetate,subject_has_role,oxidized
e0,part_of,etc
atp,has_part,adenosine_diphosphate
reduction_potential,facet_of,oxygen
3.3,point_in_time,3
electron_transport_chain,has_part,terminal_acceptor
cytosol,has_part,mitochondrial_matrix
malate,subject_has_role,oxidized
mitochondrial_matrix,part_of,cytosol
co,is_a,respiratory_inhibitor
classification_and_structure,has_part,structure
cell_walls,part_of,bacteria
bacteria,has_part,cell_walls
hydrate_carbon,is_a,carbohydrate
carbohydrate,is_a,saccharide
intercellular_communication,uses,cell_membrane
cellulose,has_part,carbohydrates
structure,part_of,classification_and_structure
glycome,is_a,carbohydrate
mitochondria,produces,atp
disaccharide,has_part,monosaccharide
glyceraldehyde,is_instance_of,aldose
polysaccharide,has_part,monosaccharide
galactose,is_instance_of,isomers
monosaccharide,is_a,carbohydrates
fructose,is_exception,monosaccharide
aldose,is_a,carbohydrates
ketose,has_part,xylulose
carbon,is_a,group
xylulose,part_of,ketose
oligosaccharide,has_part,monosaccharide
carbonyl_carbon,has_part,carbon
keto,is_a,carbohydrates
dihydroxyacetone,is_instance_of,ketose
glucose,is_instance_of,isomers
isomers,is_a,compounds
-ose,is_suffix_of,monosaccharide
fructose,is_instance_of,isomers
monosaccharide,has_part,glycosidic_bond
isomers,opposite_of,epimers
asymmetric_carbons,part_of,carbons
galactose,part_of,c
enantiomer,is_a,mirror_image
keto,has_part,carbonyl carbon
4.4,point_in_time,4
glucose,is_a,c-epimer
enantiomer,is_a,isomerism
glucose,part_of,c
d-isomers,part_of,sugars
asymmetric_carbon,part_of,carbon
monosaccharide_cyclization,part_of,cyclization
epimers,is_a,c-2 epimers
glyceraldehyde,instance_of,triose
aldehyde,has_part,carbonyl carbon
mannose,is_a,c-epimer
trans,subclass of,group
carbon,has_part,hydroxyl
reducing_agent,is_a,reducing_sugar
disaccharide,is_different_from,monosaccharide
ketose,is_an_instance_of,fructose
chromogenic_agent,is_an_instance_of,benedict_reagent
enzyme,is_a,structure
beta_d_glucopyranose,part_of,glycogen
glycogen,has_part,beta_d_glucopyranose
diastereomers,mirror_image_of,opposite_diastereomer
monosaccharide,is_different_from,disaccharide
alpha_d_glucopyranose,part_of,glycogen
glucose,has_part,alpha
2.2,is_a,point_in_time
pyranose,is_different_from,furanose
furanose,is_different_from,pyranose
mutarotation,is_a,equilibrium_mixture
pyranose,has_part,glucose
urine,part_of,reducing sugar
lactose,is_a,disaccharide
monosaccharide,has_part,polysaccharide
monosaccharide,has_part,oligosaccharide
monosaccharide,has_part,disaccharide
polysaccharide,is_a,starch
sucrose,is_a,disaccharide
glucose,is_a,polymer
maltose,is_a,disaccharide
e_e,is_a,glycosidic_bond
reducing_sugar,is_a,pathology
polysaccharide,is_a,cellulose
glycosidic_bond,is_a,bond
lactose,is_a,reducing_sugar
o-glycosidic_link,is_a,bond
fructose,is_a,monosaccharide
galactose,is_a,monosaccharide
n-glycosidic_link,is_a,bond
o-type_linkages,is_a,glycosidic_bond
nucleic acid,part_of,bases
glycoside_hydrolases,is_a,enzyme
glycosidase,produces,glycosyl_residue
glycolipid,is_a,lipid
mouth,connects_with,intestinal_lumen
oligosaccharide,is_a,polysaccharide
salivary,is_a,alpha_amylase
glucose,is_a,monosaccharide
lipid,is_a,lipid_class
intestinal_lumen,connects_with,mouth
mastication,practices,chewing
disaccharide,has_part,amylase
small_intestine,connects_with,stomach
dextrin,is_a,oligosaccharide
cellulose,is_a,carbohydrate
beta-1-4-endoglucosidase,is_different_from,alpha-1-4-and_beta-1-4-endoglucosidase
intestinal_disaccharidase,is_a,disaccharidase
chewing,part_of,mastication
stomach,connects_with,small_intestine
stomach,practices,carbohydrate_digestation
starch,has_part,amylopectin
fructose,is_a,monosaccharide
jejunum,connects_with,duodenum
isomaltase,part_of,sucrase-isomaltase
trehalose,is_a,disaccharide
maltose,has_part,glucose
luminal,has_part,enterocyte
sucrose,practices,carbohydrate_metabolism
monosaccharides,has_part,monosaccharide
sucrase,part_of,sucrase-isomaltase
maltose,is_a,substrate
maltase-glucoamylase,is_a,enzyme
mushroom,part_of,fungi
maltotriose,has_part,glucose
glucoamylase,produces,dextrin
sucrose,is_a,disaccharide
duodenum,connects_with,jejunum
maltotriose,is_a,substrate
fungi,is_a,organism
glucose,is_a,monosaccharide
digestion,has_part,jejunum
jejunum,part_of,digestion
transporters,is_a,abnormal_degradation_of_disaccharides
harvard_university,part_of,john_f_kennedy_school_of_government
secondary_active_transport,practices,concurrent_uptake
concurrent_uptake,part_of,secondary_active_transport
mechanisms_of_absorption,is_a,facet
sugar,is_a,monosaccharide
k,has_part,potassium
transporter,is_a,glut-2
k+,has_part,na+
protein,is_a,sodium_dependent_glucose_cotransporter_1
monosaccharide_transporter,is_a,glut-5
carbon_dioxide,is_composed_of,hydrogen_gas
small_intestine,has_part,mucosa
jejunum,absorbs,absorption
intestinal_mucosa,is_part_of,large_intestine
sucrose,is_a,dairy_product
enzyme_deficiency,causes,diarrhea
large_intestine,has_part,intestinal_mucosa
genetic_deficiencies,is_a,digestive_enzyme_deficiencies
osmotic_diarrhea,causes,osmotically_active_material
2.2,occurs_at,2
lactose_intolerance,is_a,lactose_intolerant
asian,different_from,african
broccoli,is_a,green_vegetables
congenital_lactase_deficiency,is_a,rare_cases
europe,has_part,northern_ europe
african,different_from,asian
3,point_in_time,3.3
northern_ europe,part_of,europe
gene_for_lactase,part_of,chromosome_2
slovenia,has_part,ljubljana
lactase,is_a,enzyme
ljubljana,is_part_of,slovenia
lactase_nonpersistence,is_a,hypolactasia
3.3,studies,point_in_time
greenland,practices,inuit_people
metabolized,is_opposite_of,absorbed_by_the_body
congenital_sucrase_isomaltase_deficiency,is_a,intolerance_of_ingested_sucrose
4.4,studies,point_in_time
point_in_time,is_a,instance
iv,is_a,intravenous_infusion
canada,practices,inuit_people
oral_tolerance_test,practices,diagnosis
enzyme_replacement_therapy,is_a,dietary_restriction
point_in_time,is_a,moment
l_isomers,is_a,enantiomers
aldehyde,is_a,keto
aldose,is_a,monosaccharide
fructose,is_a,monosaccharide
intestinal_mucosal_cells,part_of,intestine
galactose,is_a,monosaccharide
pancreatic,part_of,pancreas
hydrogen_gas,is_part_of,carbon_dioxide
starch,has_part,alpha-amylase
luminal_brush_border,has_part,intestinal_mucosal_cells
hypolactasia,effect,lactose_intolerance
bibliotheque_nationale_de_france,located_in,paris
large_intestine,location_of,osmotic_diarrhea
lactose_intolerance,cause,hypolactasia
washington,has_administrative_body,d.c.
oligosaccharide,is_a,polysaccharide
furanose,is_a,ketose
d.c.,has_administrative_body,washington
alpha-amylase,practices,hydrolysis
starch,has_enzyme,alpha-amylase
starch,is_a,polysaccharide
d-isomeric,is_opposite_of,l-isomeric
alpha-amylase,part_of,salivary
epimerase,is_a,interconvertible
monosaccharide,is_different_from,alpha-amylase
carbohydrates,has_part,amino_acid
l-isomer,part_of,biological_system
fructose,is_a,ketose
l-isomeric,is_a,carbohydrate
dehydration,causes,sunken
normal,is_a,temperature
correct_answer,has_part,a
2.2,is_point_in_time,2
ice_cream,is_a,eating_contest
alpha-amylase,part_of,pancreatic
sucrase,is_a,e
glucose,is_a,aldose
pyranose,is_a,aldose
pancreatic,has_part,alpha-amylase
deficiency,is_a,clinical_picture
dairy_products,is_a,ingestion
diarrhea,causes,bloating
lactase,is_a,b
xylulose,has_role,reducing_sugar
glucose,is_a,reducing_sugar
deficiency,is_a,physical_symptoms
reducing_sugar,has_part,glucose
galactose,has_role,reducing_sugar
fructose,has_role,reducing_sugar
sucrose,is_instance_of,reducing_sugar
sucrase,is_a,enzyme
no,is_different_from,sugar
sucrose,is_a,sugar
glucose_oxidase_test,practices,glucose_usage
correct_answer,has_part,b
3.3,is_a,point_in_time
sugar,is_different_from,no
lactase,is_a,enzyme
glucose,is_a,sugars
lactose,has_role,reducing_sugar
glucose,has_role,reducing_sugar
world_war_i,precedes,world_war_ii
lactose,is_a,disaccharide
acarbose,is_a,drug: diabetes_treatment
diabetes,is_a,medical_condition
miglitol,is_a,drug: diabetes_treatment
carbohydrates,has_part,glucose
4.4,studies,point_in_time: 4
polysaccharide,has_part,glycogen
metabolic_map,facet_of,a.a.metabolic
substrate,is_a,product
catabolic,is_a,pathways
cycles,is_a,pathways
tissue,has_parts,cells
anabolic,is_a,pathways
pathway,studies,chemical_reaction
carbohydrates,has_part,lipid
pathway,facet_of,chemical_reaction
glycogen,is_a,polysaccharide
cells,part_of,tissue
glycolysis,is_a,pathway
figure_8,depicts,metabolic_map
metabolic_map,part_of,metabolism
carbon_dioxide,is_a,co2
catalytic,is_a,enzyme
organism,has_part,metabolome
metabolic_intermediates,part_of,metabolism
catabolic_pathway,is_a,bb
metabolic_map,part_of,energy_metabolism
co2,is_a,carbon_dioxide
atp,part_of,catabolism
acetyl_coa,is_a,simple_intermediate
catabolism,has_part,atp
degradation,is_a,atp_generation
protein,has_part,amino_acid
nicotinamide_adenine_dinucleotide,is_a,cofactor
building_blocks,has_part,complex_molecule
complex_molecule,has_part,building_block
catabolism,is_a,convergent_process
building_block,part_of,complex_molecule
john_f_kennedy_school_of_government,part_of,harvard_university
catabolic_reaction,is_a,capture_chemical_energy
atp,has_oxygen_as_part,oxygen
acetyl_coa,is_product_of,oxidation_of_acetyl_coa
metabolism,has_regulation_as_facet,metabolism_regulation
amino_acid,has_protein_as_part,protein
cc,is_subclass_of,anabolic_pathway
synthesis,produces,energy
activators,are_opposites_of,inhibitors
regulatory_signals,are_subtypes_of,intracellular_communication
moment_to_moment,is_aspect_of,metabolism
communication_system,is_instance_of,evolved
tissues,are_parts_of,cells
cell,has_part,signals
inhibitors,are_opposites_of,activators
hormones,are_subclasses_of,regulatory_signals
neurotransmitters,are_subclasses_of,regulatory_signals
intercellular_communication,is_subtype_of,communication
chemical_signaling,has_subtype,neurotransmitter
intracellular_signals,is_a,signaling
facet,has_type,survival
messenger,has_subtype,second_messenger_system
second_messenger_system,is_a,messenger
survival,is_a,facet
signaling,has_subtype,intracellular_signals
cytoplasms,part_of,tissue
tissue,has_part,cytoplasm
neurotransmitter,is_a,chemical_signaling
alpha2adrenergic_receptor,is_a,gpcr
hormone,is_a,neurotransmitter
ligand,has_part,receptor
insulin,has_part,membrane_tyrosine_kinase_receptor
beta-,is_a,gpcr
extracellular_ligand-binding_domain,is_a,intracellular_domain
membrane-bound,is_a,enzyme
calcium/phosphatidylinositol_system,is_a,second_messenger_system
g_protein/coupled_receptor,part_of,membrane
neurotransmitter,is_a,hormone
ac,part_of,gpcr
cyclic_amp,is_a,adenosine_monophosphate_atp_to_3_5_
neurotransmitter,is_a,hormone
gpcr,has_part,ac
beta_gamma_subunits,opposite_of,alpha_subunit
activated_receptor,practices,activates
gi,is_different_from,gs
john_f_kennedy_school_of_government,part_of,harvard_university
gamma,is_a,trimeric_proteins
neurotransmitter,is_different_from,hormone
galpha_gtp_complex,has_part,gtpase
galpha,opposite_of,ac
g_protein,has_part,gdp
ac,opposite_of,galpha
g_protein,has_part,alpha_subunit
gpdp,replaced_by,gtp
gtpase,is_a,protein
alpha,is_a,trimeric_proteins
beta,is_a,trimeric_proteins
gtp,replaces,gdp
gs,is_different_from,gi
alpha_subunit,opposite_of,beta_gamma_subunits
atp,has_part,phosphate
protein_phosphatases,is_a,protein_phosphatase
protein_kinase_a,is_a,camp_dependent_protein_kinase
regulatory_subunits,is_a,catalytically_active_subunit
gai,has_effect,whooping_cough
protein_kinase_c,is_a,protein_kinase
gas,is_a,gtpase
enzyme,is_a,protein
whooping_cough,is_caused_by,bordetella_pertussis
whooping_cough,is_caused_by,gai
protein_activity,has_effect,phosphorylation
bordetella_pertussis,has_effect,whooping_cough
world_war_i,preceded_by,world_war_ii
camp,hydrolysis_is_a,hydrolyzed
5'_amp',is_instance_of,signaling_molecule
hormone,neurotransmitter_is_a,neurotransmitter
