diagnostic_and_statistical_manual_of_mental_disorders,has_part,fifth_edition
american_psychiatric_association,is_a,citation
va,has_part,arlington
m_mcvoy,is_a,sibling
melinda,practices,md
dilip,studies,jeffrey_a_lieberman
anita_s_everett,is_a,md
speaker_elect,is_a,md
jeffrey_a_lieberman,is_a,md
arlington,is_part_of,va
mac_david_gbaff,is_a,md
jeffrey_geller,is_a,md
jeffrey_a_lieberman,part_of,political_party
fifth_edition,part_of,diagnostic_and_statistical_manual_of_mental_disorders
copyright,applies_to,apa
jeffrey_akaka,is_a,md
acid_free,is_a,paper
md,is_a,citation
reproductions,is_a,unauthorized_uses
m_nlninger,is_a,sibling
carol_a_bernstein,is_a,md
v,part_of,dsm
obsessive_compulsive_and_related_disorders,is_a,anxiety_disorders
mental_disorders,is_a,disorders
diagnosis,studies,mental_disorders
dsm-5,has_part,schizophrenia_spectrum_and_other_psychotic_disorders
dsm-5,authored_by,c_li
dsm,studies,5th_ed_mental_disorders_classification
disorders,part_of,dsm-5
schizophrenia,part_of,dsm-5
dsm-5,studies,mental disorders
american_psychiatric_association,practices,diagnosis
dsm-5,has_part,schizophrenia_spectrum
978-0-89042-555-8,is_a,pbk
tammy_i_cordova_h,practices,text_design
978-0-89042-554-1,is_a,alk
schizophrenia_spectrum_and_other_psychotic_disorders,part_of,dsm-5
british_library,part_of,british_library_cataloguing_in_publication_data_k
dsm,has_part,v
5th_ed_mental_disorders_classification,part_of,dsm
schizophrenia_spectrum,part_of,dsm-5
bipolar,is_a,related_disorders
related_disorders,has_part,bipolar
dsm-5,has_part,schizophrenia
iii,is_a,instance
2008_summer_olympics,is_a,point_in_time
library_of_congress,is_a,organization
depressive_disorders,is_a,disorders
paraphilic_disorders,part_of,other_mental_disorders
feeding,part_of,eating_disorders
disruptive_impulse_control_and_conduct_disorders,is_a,gender_dysphoria
other_mental_disorders,is_a,paraphilic_disorders
disorders,is_a,dissociative_disorder
neurocognitive_disorders,part_of,personality_disorders
somatic_symptom,part_of,related_disorders
dsm-5,follows,dsm-iv
eating_disorders,is_a,feeding
dsm-iv,is_studied_by,dsm-5
alternative_dsm-5_model_for_personality_disorders,part_of,dsm-5
personality_disorders,is_a,neurocognitive_disorders
assessment_measures,is_a,cultural_formulation
related_disorders,is_a,somatic_symptom
cultural_formulation,part_of,assessment_measures
dissociative_disorder,part_of,disorders
gender_dysphoria,part_of,disruptive_impulse_control_and_conduit_disorders
dsm-5,has part,lcd-10-cm
dilip v. ieste,occupation,m.d.
susan e. schultz,occupation,m.d.
william e. narrow,occupation,m.d.
dsm-5,publisher,apa
lcd-10-cm,part of,dsm-5
numerical listing of dsm-5 diagnoses and codes,part of,dsm-5
david shaffer,occupation,m.d.
helena c. kraemer,occupation,m.d.
ian a. fawcett,occupation,m.d.
javier i. escobar,occupation,m.d.
obsessive_compulsive_spectrum,is_a,anxiety
m.greiner,is_a,m.d
lisa,occupation,md
roberto_lewis-fernandez,occupation,md
m.d.,occupation,daniel
daniel,occupation,m.d.
lori_l_davis,occupation,m.d.
michael_r_phillips,occupation,m.d.
igor_grant,occupation,m.d.
william_h_coryell,occupation,m.d.
gillian,is_a,swedo
terence,occupation,m.d.
mary_ganguli,occupation,m.d.
fred volkmar,is_a,m.d.
john livesley,is_a,m.d.
lori brotto,practices,phd
joseph piven,practices,text coordination
juan r. bustillo,is_a,m.d.
dsm-s,is_a,personality_disorders
walter e. kaufmann,is_a,m.d.
m.d.,is_a,doctor
wim_van_den_brink,occupation,m.d.
friedemann_pféifflin,occupation,m.d.
sing_lee,occupation,m.d.
m._schultz,occupation,m.p.
heino_f._meyer-bahlburg,occupation,dr
national_museum_of_natural_history,located_in,_d.c.
kathleen_k._budney,occupation,m.d.
national_museum_of_natural_history,located_in,washington
michael_sharpe,occupation,m.d.
kathy_p._parker,occupation,m.d.
structures,studied_by,anatomy
james_s_jackson,occupation,md
leslie_compton,occupation,md
james_s_jackson,occupation,m.d.
leslie_compton,occupation,m.d.
ronald_e_dahl,occupation,md
ronald_e_dahl,occupation,m.d.
md,studies,structures
glorisa_canino,occupation,m.d.
david_shaffer,occupation,m.d.
glorisa_canino,occupation,md
david_shaffer,occupation,md
diana_e_clarke,occupation,ph.d.
m.d.,is_a,doctor
david_shaffer,practices,mp
diana_e_clarke,occupation,ph_d
william_e_narrow,occupation,md
william_e_narrow,occupation,m.d.
anatomy,is_a,structures
dilip_v_jeste,occupation,md
dilip_v_jeste,occupation,m.d.
darrel_a_regier,occupation,md
robert_taylor_segraves,occupation,md
darrel_a_regier,occupation,m.d.
robert_taylor_segraves,occupation,m.d.
david_shaffer,occupation,mp
roger_peele,occupation,m.d.
roger_peele,occupation,md
lee_anna_clark,occupation,md
lee_anna_clark,occupation,m.d.
icd-10-cm,has_start_time,"october_1_2014"
icd-9-cm,is_different_from,icd-lo-cm
intellectual_developmental_disorder,is_subclass_of,language_disorder
l,has_area,319
icd-10-cm,is_studied_by,icd-9-cm
icd-lo-cm,is_different_from,icd-9-cm
disorders,is_subclass_of,medical_condition
david_shaffer,is_a,m.d.
norman_sartorius,is_a,m.d.
icd-9-cm,located_in,united_states
icd-9-cm,follows,icd-10-cm
charles_p_o_brien,is_a,m.d.
(subject_,object_),_
(subject_,object_),(object_
(subject_,object_),has_part
f06,has_point_in_time,1
mild,is_a,moderate
unspecified_communication_disorder,is_a,autism_spectrum_disorder
severe,is_a,moderate
specific_learning_disorder,has_number_of_episodes,66
genetic_condition,is_a,medical
mathematics,has_part,arithmetic
fluency,studies,reading
unspecified_neurodevelopmental_disorder,is_a,other_specified_neurodevelopmental_disorder
other_specified_neurodevelopmental_disorder,has_subclass,unspecified_neurodevelopmental_disorder
unspecified_tic_disorder,is_a,other_specified_tic_disorder
vocal_tic_disorder,has_subclass,vocal_tics
developmentalcoordination_disorder,has_subclass,tourette's_disorder
tourette's_disorder,is_a,developmentalcoordination_disorder
motor_tics,is_a,vocal_tic_disorder
other_specified_tic_disorder,has_subclass,unspecified_tic_disorder
arithmetic,part_of,mathematics
reading,is_a,fluency
vocal_tic_disorder,has_subclass,motor_tics
grandiose_type,is_a,unspecified_type
erotomanic_type,is_a,unspecified_type
delusions,have_effect,hallucinations
persecutory_type,is_a,unspecified_type
f06_1,occurs_at,f06
somatic_type,is_a,unspecified_type
mixed_type,is_a,unspecified_type
jealous_type,is_a,unspecified_type
bipolar,is_opposite_of,depressive
substance_medication_induced_psychotic_disorder_c,is_instance_of,psychotic_disorder_c
schizophrenia_spectrum_b_c_99,is_a,schizophreniform_disorder_b_c_96
depressive,is_opposite_of,bipolar
schizophrenia_spectrum,is_a,other_psychotic_disorders
icd-lo-cm,is_a,substance_specific_code
catatonic_disorder_due_to_another_medical_condition,is_a,catatonic_disorder
withdrawal,opposite_of,intoxication
musculoskeletal_system,part_of,nervous
catatonia,is_a,bipolar_and_related_disorders
depressed,is_a,mood_episode
hallucinations,subclass_of,delusions
lcd-9-cm,is_a,substance_specific_code
moderate,is_a,severe
depressive_disorders,has_subclass,anxiety
dysthymia,is_subclass_of,persistent_depressive_disorder
with_onset_during_withdrawal,is_opposite_of,with_onset_during_intoxication
f33,follows,f34
mild,is_a,moderate
f34,is_followed_by,f33
major_depressive_disorder3,is_instance_of,160
bipolar,is_a,related_disorder_due_to_another_medical_condition
mild,is_subclass_of,moderate
f32,has_instance,unspecified
cyclothymic_disorder,is_a,related_disorder
severe,is_subclass_of,moderate
other_specified_bipolar_and_related_disorder,has_subclass,unspecified_bipolar_and_related_disorder
l,has_facet,l_i
f33.36,is_same_as,partial_remission
icd_lo_cm,is_based_on,icd_9_cm
mild_bipolar,point_in_time,296.1
seasonal_pattern,follows,peripartum
peripartum,is_followed_by,seasonal_pattern
partial_remission,is_same_as,f33.36
296,point_in_time,296.1
bipolar,is_a,related_disorder
296.1,point_in_time,296
(_,has_part,_
unspecified_anxiety_disorder,is_a,other_specified_anxiety_disorder
late_onset,opposite,early_onset
withdrawal,opposite,intoxication_onset
icd-9-cm,follows,icd-lo-cm
withdrawal,subclass_of,depressive_disorder_due_to_another_medical_condition
early_onset,opposite,late_onset
icd-io-cm,is_instance,substance_specific_code
obsessive-compulsive and related disorder due to another,subclass of,obsessive-compulsive and related disorder
obsessive-compulsive and related disorder,has part,obsessive-compulsive and related disorder due to another
trichotillomania (hair-pulling disorder),subclass of,excoriation (skin-picking) disorder
icd - lo-cm,instance of,substance-specific code
posttraumatic stress,has effect,posttraumatic stress disorder
obsessive-compulsive disorder,subclass of,obsessive-compulsive and related disorders
icd - 9 - cm,instance of,substance-specific code
f43,part_of,f
care_avoidant,is_a,symptom_type
with_mixed_disturbance_of_emotions_and_conduct,has_part,300
in_full_remission,is_a,in_remission
in_partial_remission,is_a,in_remission
care_seeking,is_a,symptom_type
persistent,is_a,symptom_type
in_remission,has_part,in_full_remission
moderate,is_a,extreme
urinary_symptoms,is_a,other_specified_elimination_disorder
binge-eating_disorder,is_a,eating_disorder
mental_disorder,is_a,medical_condition
binge-eating,is_a,purging
unspecified_elimination_disorder,is_a,sleep_wake_disorders
eating_disorder,part_of,binge-eating_disorder
first code opioid use disorder,has_cause,opioid_use
unspecified,is_a,type
shift_work_type,is_a,sleep_wake_type
j_non_rapid_eye_movement_sleep_arousal_disorders,is_a,sleepwalking
sleep_wake_type,overlaps_with,non_24_hour_sleep_wake_type
familial,is_a,sleep_wake_type
autosomal dominant cerebellar ataxia,is_a,narcolepsy
restless_legs_syndrome,is_instance_of,substance_medication_induced_sleep_disorder
rapid_eye_movement_sleep_behavior_disorder,is_a,sleep_disorder
insomnia,has part,daytime sleepiness
icd - lo-cm,based on,icd-9-cm
unspecified sleep-wake disorder,subclass of,other specified hypersomnolence disorder
female sexual interest/arousal disorder,subclass of,sexual dysfunctions
pelvic pain/ penetration disorder,drug used for treatment,genito
daytime sleepiness,subclass of,insomnia
icd-lo-cm,instance of,substance-specific code
genito,medical condition treated,pelvic pain/ penetration disorder
other specified hypersomnolence disorder,has part,unspecified sleep-wake disorder
unspecified insomnia disorder,subclass of,other specified hypersomnolence disorder
302,instance of,f52
icd-9-cm,instance of,substance-specific code
alcohol_use_disorder,has_part,b490
unspecified_disruptive_disorder,is_a,moderate_impulse_control_and_conduct_disorder
b490,is_a,alcohol_use_disorder
substance_withdrawal,is_a,substance_related_and_addictive_disorder
john_f_kennedy_school_of_government,part_of,harvard_university
withdrawal,studies,intoxication
disruptive,has_part,conduct_disorders
posttransition,is_a,gender_dysphoria
disruptive,has_part,impulse_control_disorders
f12.929,part_of,f12.229
moderate,is_a,severe
moderate,is_a,with_use_disorder
f12.229,has_part,f12.929
severity,is_a,f10
alcohol_induced_disorders,practices,with_use_disorder
with_use_disorder,practices,mild
f12,part_of,f12.129
with_use_disorder,is_a,alcohol_induced_disorders
f10,part_of,disturbances
f16,part_of,f16.1620
f16,part_of,f16.229
mild,is_a,moderate
caffeine_related_disorder,is_a,unspecified_caffeine_related_disorder
disorder,is_a,alcohol_induced_disorders
f16.229,part_of,f16
f16.1620,part_of,f16
mild,is_a,with_use_disorder
with_use_disorder,has_magnitude,mild
substance,part_of,severe
2,part_of,severe
without_use_disorder,is_opposite_of,with_use_disorder
sedative_hypnotic_or_anxiolytic_use_disorder,is_different_from,anxiolytic_use_disorder
use_disorder,part_of,opioid_intoxication
severe,is_a,with_use_disorder
use_disorder,is_a,with_use_disorder
opioid_withdrawal,is_instance_of,without_use_disorder
moderate,is_a,with_use_disorder
with_use_disorder,is_a,opioid_intoxication
sedative,is_a,opioid_induced_disorders
severe,has_part,292.89
hypnotic,is_a,opioid_induced_disorders
anxiolytic,is_a,opioid_induced_disorders
disorder,is_a,use_disorder
severe,has_part,substance
f1,event_distance,1
with_use_disorder,has_magnitude,instance_of
anxiolytic_use_disorder,is_different_from,sedative_hypnotic_or_anxiolytic_use_disorder
with_use_disorder,has_magnitude,f11.222
inhalant_related_disorder,is_a,inhalant_induced_disorders
mild,is_same_as,f1
severe,has_part,2
stimulant,is_a,amphetamine
hypnotic,is_a,sedative
other_sedative_-_hypnotic_-_or_anxiolytic-induced_disorders,is_a,unspecified_sedative_-_hypnotic_-_or_anxiolytic-related_disorder
severity,instance_of,_
moderate,is_a,with use disorder
severe,is_a,with use disorder
_,causes,perceptual_disturbances
sedative,is_a,hypnotic
perceptual_disturbances,has_effect,_
other_sedative_-_hypnotic_-_or_anxiolytic-induced_disorders,is_a,other_sedative_-_hypnotic_-_or_anxiolytic-related_disorders
mild,is_a,subclass of
l_,instance_of,_
stimulant_use_disorder,instance_of,561
mild,is_a,with use disorder
or anxiolytic intoxication,is_a,f13.129
amphetamine,is_a,stimulant
cocaine,practices,has_use_disorder
has_moderate_or_severe_use_disorder,is_a,cocaine_use_disorder
moderate,is_a,with_use_disorder
inild,is_a,with_use_disorder
severe,is_a,with_use_disorder
unspecified_tobacco_related_disorder,is_a,tobacco_induced_disorders
amphetamine,practices,stimulates
john_f_kennedy_school_of_government,part_of,harvard_university
cocaine,part_of,has_moderate_or_severe_use_disorder
tobacco_use_disorder,is_a,maintenance_therapy
with_use_disorder,opposite_of,without_use_disorder
moderate,follows,mild
cocaine,is_a,f14.129
other_substance_use_disorder,is_a,substance_use_disorder
harvard_university,has_part,john_f_kennedy_school_of_government
without_use_disorder,opposite_of,with_use_disorder
amphetamine,is_a,stimulant
mild,opposite_of,moderate
icd-lo-cm,is_a,substance_specific_code
icd-9-cm,is_a,substance_specific_code
episodic,is_a,severity
other_substance_or_unknown,instance_of,292
delirium_due_to_multiple_etiologies,is_a,delirium
deliriuma,has_effect_on,substance_intoxication
moderate,opposite_of,severe
moderate,is_a,severity
moderate,opposite,mild
severe,is_a,severity
persistent,is_a,severity
severe,opposite,moderate
mild,is_a,severity
probable_major_neurocognitive_disorder_due_to_alzheimers,is_a,alzheimers_disease_facet
frontotemporal,is_a,frontotemporal_disease
f02_10,part_of,behavioral_disturbance
probable_major_neurocognitive_disorder,is_a,major_neurocognitive_disorder
f02_11,instance_of,point_in_time
mild_neurocognitive_disorder_due_to_alzheimers_disease,is_a,probable_major_neurocognitive_disorder
mild,instance_of,severity
possible_major_neurocognitive_disorder_due_to_alzheimers,is_a,without_behavioral_disturbance
mild_neurocognitive_disorder,opposite_of,major_neurocognitive_disorder
parkinson's_disease,is_a,multiple_etiologies
severe,instance_of,severity
moderate,instance_of,severity
possible_disorder,is_a,disorder
mild_neurocognitive_disorder,is_a,neuro_cognitive_disorder
huntington_disease,is_a,multiple_etiologies
1,part_of,f02
frontotemporal_lobar,has_effect,mild_neurocognitive_disorder_due_to_frontotemporal_lobar
f01.51,same_as,f01.40
mild_neurocognitive_disorder_with_lewy_bodies,is_instance_of,medical_code
f01.40,same_as,f01.51
code_first_331,is_instance_of,lewy_body_disease
f02.11,is_instance_of,294
possible_major_vascular_neurocognitive_disorder_b,is_a,without_behavioral_disturbance
diffuse_traumatic_brain_injury,is_subclass_of,loss_of_consciousness
probable_major_neurocognitive_disorder_with_lewy_bodies,is_a,neurocognitive_disorder
9-cm,part_of,icd
f01,facet_of,behavioral_disturbance
mild_vascular_neurocognitive_disorder,is_subclass_of,neurocognitive_disorder_due_to_traumatic_brain_injury
without_behavioral_disturbance,instance_of,331.83
mild_neurocognitive_disorder_due_to_traumatic_brain_injury,is_subclass_of,neurocognitive_disorder
f02,has_part,1
f02.10,facet_of,behavioral_disturbance
icd,has_part,9-cm
mild_neurocognitive_disorder_due_to_frontotemporal_lobar,has_cause,frontotemporal_lobar
frontotemporal,is_a,neurocognitive_disorder
without_behavioral_disturbance,is_a,neurocognitive_disorder
f02_10,has_facet,behavioral_disturbance
without_behavioral_disturbance,is_instance_of,331_83
mild_neurocognitive_disorder_due_huntington's_disease,is_distinct_from,mild_neurocognitive_disorder_due_parkinson's_disease
f02,has_part,1
major_neurocognitive_disorder_due_huntington's_disease,has_cause,huntington's_disease
huntington's_disease,has_effect,major_neurocognitive_disorder_due_huntington's_disease
major_neurocognitive_disorder_due_hiv_infection,practices,hiv_infection
icd-io-cm,is_a,substance-specific-code
mild_neurocognitive_disorder_due_parkinson's_disease,is_distinct_from,mild_neurocognitive_disorder_due_huntington's_disease
neurocognitive_disorder_due_hiv_infection,is_a,persistent
icd-9-cm,is_a,substance-specific-code
parkinson's,is_subclass_of,neurocognitive_disorder
without_behavioral_disturbance,is_instance_of,331_9
major_neurocognitive_disorder_due_prion_disease,is_subclass_of,prion_disease
1,is_part_of,f02
f02_11,is_at_time,294
mild_neurocognitive_disorder_due_hiv_infection,is_subclass_of,neurocognitive_disorder
331.83,is_a,mild_neurocognitive_disorder
f02.10,is_a,behavioral_disturbance
schizoid_personality_disorder,is_a,f21
schizotypal_personality_disorder,is_a,f60
f02.11,studies,294
mild_neurocognitive_disorder,is_a,neurocognitive_disorder
mild,is_a,neurocognitive_disorder
personality_change_due_to_another_medical_condition,part_of,etiological_medical_conditions
major,is_a,neurocognitive_disorder
narcissistic_personality_disorder,is_a,f60
mild_neurocognitive_disorder_due_multiple_etiologies,is_a,unspecified_neurocognitive_disorder
neurocognitive_disorder_due_to_another_medical,is_a,medical_condition
331.83,part_of,mild_neurocognitive_disorder
331.83,part_of,etiologies
disinhibited,is_a,paraphilic_disorders
sexually_attracted_to_males,has_part,sexually_aroused_by_exposing_genitals_to_physically_mature_individuals
apathetic,is_a,paraphilic_disorders
combined,is_a,paraphilic_disorders
sexually_aroused_by_exposing_genitals_to_physically_mature_individuals,has_part,sexually_attracted_to_males
labile,is_a,paraphilic_disorders
other,is_a,paraphilic_disorders
unspecified,is_a,paraphilic_disorders
paranoid,is_a,paraphilic_disorders
aggressive,is_a,paraphilic_disorders
t432058,number_of_episodes,333
v61.8,part_of,other_problems_related_to_primary_support_group
child_physical_abuse,instance_of,initial_encounter
other_circumstances_related_to_child_physical_abuse,part_of,v61_21
child_physical_abuse,suspected,717
t_76,practices,physical_abuse
v61_21,part_of,other_circumstances_related_to_child_physical_abuse
physical_abuse,is_a,child_abuse
995.2,point_in_time,995
child_physical_abuse,instance_of,t
717,confirmed,child_physical_abuse
other_circumstances_related_to_child_sexual_abuse,is_a,other_circumstances
v61_21,has_part,other_circumstances_related_to_child_sexual_abuse
child_psychological_abuse,has_part,t_76_51
other_circumstances_related_to_child_neglect,is_main_subject,neglect_in_childhood
suspected,is_part_of,child_neglect
02xd,is_instance_of,initial_encounter
995_51,is_instance_of,initial_encounter
t_76,is_instance_of,initial_encounter
child_neglect,is_a,sexual_abuse
child_neglect,has_part,suspected
t_76_51,is_part_of,child_psychological_abuse
child_sexual_abuse,practices,suspected_995_53
violence,has_part,sexual_violence
initialencounter,follows,subsequentencounter
subsequentencounter,followed_by,initialencident
initial_encounter_995_81,is_a,initialencounter
spouse_or_partner_violence,has_part,physical_violence
encounterformentalhealthservicesforvictimofspouseorpartnerviolence,part_of,other_circumstances_related_to_spouse_or_partner_violence
spouse,is_a,partner
spouse_or_partner_violence,practices,violence
other_circumstances_related_to_child_psychological_abuse,part_of,psychological_abuse
other_circumstances_related_to_spouse_or_partner_violence,part_of,encounterformentalhealthservicesforvictimofspouseorpartnerviolence
initialencounter,has_part,initial_encounter_995_81
partner,part_of,spouse_or_partner_violence
spouse or partner neglect,confirmed,initial encounter 995.85
v61.12,part_of,spouse or partner abuse
spouse,has_part,partner
initial encounter 995.85,part_of,confirmed
initial encounter 995.85,part_of,spouse or partner neglect
v61.12,part_of,psychological
v15.42,part_of,other circumstances related to spouse or partner abuse
v61.11,part_of,other circumstances related to spouse or partner abuse
violence,part_of,v61.11
v61.11,has_part,violence
other circumstances related to spouse or partner abuse,practices,psychological
spouse or partner abuse,psychological,has_part
initial encounter,instance_of,995.82
spouse or partner abuse,psychological,v61.12
partner,is_a,spouse
spouse,practices,partner
v15.42,part_of,psychological
v61.11,part_of,psychological
other circumstances related to spouse or partner neglect,has_part,v15.42
spouse or partner neglect,suspected,initial encounter 995.85
v15.42,part_of,other circumstances related to spouse or partner neglect
v61.11,part_of,other circumstances related to spouse or partner neglect
spouse or partner abuse,is_a,psychological
nonpartner,subclass,adult_sexual_abuse
psychological_abuse,has_part,adult_psychological_abuse
academic_or_educational_problem,part_of,v62
adult_psychological_abuse,has_part,psychological_abuse
other_circumstances_related_to_abuse,has_part,v65_49
adult_sexual_abuse,suspected_by,722
housing,subclass_of,homelessness
nonspouse,opposite,nonpartner
v65_49,part_of,other_circumstances_related_to_abuse
nonpartner,opposite,nonspouse
nonspouse,subclass,adult_sexual_abuse
nonspouse,is_a,adult
nonpartner,is_a,adult
v62,has_part,academic_or_educational_problem
imprisonment_or_other_incarceration,different_from,release_from_prison
poverty,part_of,adverse_discrimination_or_persecution
problems_related_to_unwanted_pregnancy,has_part,v61.7
lack_of_adequate_food_or_safe_drinking_water,follows,poverty
v62.9,is_a,adverse_discrimination_or_persecution
problems_related_to_multiparity,is_a,problems
release_from_prison,different_from,imprisonment_or_other_incarceration
v61.5,part_of,problems_related_to_unwanted_pregnancy
poverty,is_a,lack_of_adequate_food_or_safe_drinking_water
counseling,is_a,sex_counseling
personal_history_of_military_deployment,is_a,other_problem_related_to_psychosocial_circumstances
victim_of_terrorism_or_torture,is_a,exposure_to_disaster
exposure_to_disaster,part_of,war_or_other_hostilities
problems_related_to_access_to_health_care,part_of,v63_9
nonadherence_to_medical_treatment,is_instance_of,v
american_psychiatric_association,authored,diagnostic_and_statistical_manual
other_problem_related_to_lifestyle,has_part,726_episodes
unavailability_or_inaccessibility_of_health_care_facilities,is_instance_of,v
unavailability_or_inaccessibility_of_other_helping_agencies,is_instance_of,v
other_problem_related_to_psychosocial_circumstances,has_part,personal_history_of_military_deployment
mental health,subclass of,clinical practice
treatment,has cause,diagnosis
clinicians,subclass of,practitioners
diagnos- tic criteria,facet of,mental disorder
diagnosis,has effect,treatment
mental disorders,instance of,classification
physician,is_a,health_professionals
primary_care,is_a,clinical
slovenia,capital,ljubljana
mental_health_care,is_a,health_professionals
psychiatrist,is_a,health_professionals
rare_disorders,is_a,mental_disorders
counselor,is_a,health_professionals
ljubljana,country_capital,slovenia
social_worker,is_a,health_professionals
psychologist,is_a,health_professionals
dsl-5,has_part,com-rate
clinicians,is_a,health_professionals
patients,practices,clinicians
nurse,is_a,health_professionals
dsm,practices,clinical practice
icd-lo-cm,part of,dsm-5
organizational arrangement of disorders,facet of,disorder
dsm-s,main subject,disorders
dsm-5,has part,icd-lo-cm
icd - 9-cm,part of,dsm-5
anxiety,instance of,symptom domain
inter- national classification ofdiseuses,author,world health organization
dsm-s,instance of,categorical classification
diagnosis,has_facet,developmental_issues
pro-mote,is_a,organization
icd-11,is_a,diagnosis
course,different_from,development
symptom_presentation,has_facet,age_related_factor
insomnia_disorder,is_a,symptom
icd-11,studies,publication_date
posttraumatic_stress_disorder,is_a,symptom
cultural_issues,has_facet,gender
development,different_from,course
autism_spectrum_disorder,has_part,asperger's_disorder
autism_spectrum_disorder,is_instance_of,diagnosis
neuroimaging,practices,genetics
asperger's_disorder,is_a,autism_spectrum_disorder
genetics,is_a,risk_factor
impairments,part_of,social_communication
point in time,is_a,instance
physiological,is_a,risk_factor
neurocircuitry,part_of,genetic_vulnerability
bipolar,is_a,depressive disorders
bereavement_exclusion_criterion,is_instance_of,clinical_guidance
depressive_disorders,is_a,bipolar
diagnosis,has_effect,treatment
educational_use,part_of,clinical
bipolar_ii_disorder,different_from,bipolar_i_disorder
treatment,causes,diagnosis
bipolar_i_disorder,different_from,bipolar_ii_disorder
features,is_a,anxious_distress
clinical,has_part,educational_use
substance_use_disorders,is_a,disorders
dsm_s,part_of,dsm
neuroscience,has_part,brain_imaging
neurocognitive_disorders,has_subclass,mild
neurocognitive_disorders,has_subclass,major
dependence,different_from,addiction
alzheimer_disease,is_instance_of,subtypes
restructuring_of_substance_use_disorders,part_of,substance_use_disorders
huntington_disease,is_instance_of,subtypes
dsm,is_a,series
neuropsychology,part_of,neuroscience
brain_imaging,part_of,neuroscience
addiction,different_from,dependence
transition,facet of,personality disorders
personality,has part,trait
pathological personality,subclass of,disorders
edi- tions,studies,personality disorder
trait,part of,personality
previous edition,followed by,dsm-s
dsm-s,follows,previous edition
personality disorder,studied by,edi- tions
symptom_domain,is_a,symptom_severity
wdas,is_a,disability_assessment_schedule
sessions,is_instance_of,clinical_description
psychiatric,studies,disorders
dimen,is_a,administrative_territorial_entity
icf,is_a,international_classification_of_functioning
online_enhancements,is_subclass_of,software
section_111,part_of,disorders_and_features
disorders_and_features,has_part,section_111
disorders,studies,psychiatric
dsm_5,is_instance_of,supplemental_information
section_iii,practices,classification_of_mental_disorders
expert,practices,review
dsm_s,publishes,apa
psychiatric,studies,disorders
clinic,instance_of,scientific_basis
disorders,has_part,psychiatric
apa,part_of,apa_research_division
review,is_a,peer
emily_a_schultz,occupation,text_editor
john_s_mcintyre,practices,m.d_
dilip_v_jeste,practices,m.d
dsm-5,is_a,text_editor
dsm-5,is_main_subject_of,objectivity
william_e_narrow,practices,m.d.
maria_n_ward,studied_at,ccs_p
paul_s_appelbaum,practices,m.d
review_process,part_of,bly
dsm-5,has_property,publication_date
publication_date,value,_2012"
rebecca_rinehart,has_part,editor
division_of_research,part_of,apa
dsm-s,is_a,expertise
apa,is_a,division_of_research
james_h_scully_ir.,practices,ceo
publication_date,value,"december_19
american_psychiatric_publishing,is_a,publisher
instance,part_of,diagnostic_and_statistical_manual_of_mental_disorders
icd-11,practices,follows
diagnostic_disorder,is_a,mental_disorder
expert,is_a,professional
follows,is_a,relation
diagnostic_and_statistical_manual_of_mental_disorders,has_part,dsm-s
content,studies,dsm-s
dsm-s,is_a,instance
ual,is_a,human
man,part_of,ual
evolution,part_of,dsm-5
dsm-s,has_part,diagnostic_disorder
dsm-5,is_a,evolution
dsm-s task,part of,dsm-s
dsm,author,american psychiatric association
research,part of,scientific
science of mental disorders,instance of,evolve
mental health service planning,facet of,public health
cognitive neuroscience,studies,brain imaging
brain imaging,studied by,cognitive neuroscience
mental_disorder,is_a,disorder
recognition,is_a,observation
dsm,is_a,nosology
st._petersburg,part_of,russia
dsm,is_a,category
russia,is_a,country
diagnostic_criteria,practices,validity_of_a_diagnosis
dsm,part_of,mental_disorder
dsm,is_a,medical_disease
dsm,diagnoses,diagnosis
boundaries,distinct_from,disorders
diagnosing_disorders,associated_with,diagnosing
physical_signs,result_in,symptoms
disorders,distinct_from,boundaries
symptoms,cause,physical_signs
consumer_organizations,are_a,advocacy_groups
neuropsychologists,are_a,psychologists
anxiety_disorder,is_a,mental_disorder
diagnosing,uses_for,diagnosing_disorders
dsm,based_on,u.s._census
patients_cared_for,part_of,hospital
dsm-iv-tr,precedes,dsm-5
dsm,publication_date,1844
evaluation_of_dsm,publication_date,1999
monitoring,is_a,explanatory_text
dsm-5,follows,dsm-iv-tr
mental_health_professionals,has_part,psychiatrist
world_health_organization,works_in,mental_health
dsm-5,studies,mental disorders
psychiatrist,practices,mental_health_professionals
international classification of diseases,part_of,dsm-s
dsm-5,is_a,dsm
m.d.,practices,david i. kupfer
m.d.,practices,darrel a. regier
harvard_university,is_a,organization
dsm,studies,dsm-s
next_evolutionary_stage,is_a,mental_disorder_facet
dsm-iv,is_a,dsm_classification
dsm,studies,dsm-5
2007,is_instance_of,year
research_grant,is_a,grant
scientific_journal,practices,literature_review
harvard_university,has_part,john_f_kennedy_school_of_government
john_f_kennedy_school_of_government,part_of,harvard_university
field trial,subclass of,professional meeting
field_trial,is_a,professional_meeting
diagnostic_criteria,studies,dsm-5
no-sology,is_a,criteria
dsm-5,practices,follows_dsm-iv
literature_review,is_a,secondary_data_analyses
subtypes,is_a,diagnostic_criteria
dsm-5,is_a,diagnostic_criteria
dsm-5,practices,dsm-iv
diagnostic_reliability,is_a,diagnostic_reliability_facet_diagnosis_accuracy
diagnostic_areas,is_a,diagnostic_areas_facet_clinical_utility
dsm_iv,is_a,diagnosis_manual
literature_review,studies,diagnostic_areas
literature_review,practices,literature_review_activity_literature_research
clinical_utility,studies,public_health
diagnostic_areas,part_of,clinical_utility_facet_diagnosis
dsm-iii,is_a,diagnostic_criteria
academic,is_a,institution
dsm-iv,studies,dsm-iii
diagnostic_criteria,part_of,clinical_utility
institution,has_part,clinical_practices
clinical_practices,practices,academic
nimi-i,is_a,diagnostic_criteria
disorders,is_a,diagnoses
dsm-iv,studies,public_health
dsm-s,part_of,dsm-iv
dsm-iv,is_a,diagnoses
symptoms,is_a,symptom
dsm-s,is_a,computer_assisted_system
psychological,studies,symptoms
intraclass_kappa_statistic,is_a,intraclass_correlation_coefficient
clinician,practices,clinical interview
dsm-iv,is_a,dsm
dsm,is_a,dsm_series
2010_website,has_inception_year,dsm-s_website
psychiatrists,is_a,psychiatric_profession
mental_health,is_a,mental_health_disorder
psychiatrist,practices,mental health
field_trial,practices,testing
dsm-s,publication_date,"2012"
dsm-s,is_a,diagnostic_criteria
dsm,is_a,clinical_utility
dsm-s,has_author,collaborator
dsm_iv,is_a,scientific_evidence_main_subject
diagnostic_symptoms,has_part,diagnostic_criteria_concurrent
diagnostic_criteria,is_a,diagnostic_criteria_antecedent
apa,is_a,organization
division_of_research,is_a,research_subsidiary
diagnostic_criteria,part_of,diagnostic_criteria_concurrent
diagnostic_symptoms,has_part,diagnostic_criteria_prospective
scientific_data,is_a,data
diagnostic_criteria,studies,diagnostic_symptoms
scientific_review_committee,is_a,peer_review_committee
diagnostic_criteria,part_of,diagnostic_criteria_prospective
diagnostic_symptoms,has_part,diagnostic_criteria_antecedent
apa,part_of,association_for_the_advancement_of_science
text_editor,practices,prepares
cphc,is_subsidiary_of,apa
need,has_part,clinical experience
clinical experience,part_of,need
dsm-iv,part_of,dsm_revision_process
dsm_revision_process,has_part,dsm-iv
apa,is_parent_organization_of,cphc
public health,facet_of,clinical_utility
apa,is_a,organization
organization,part_of,apa
dsm_iv,instance_of,diagnostic_criteria
disorder,part_of,operational_criteria_set
international_criminal_court,part_of,united_nations
apa_council_on_psychiatry_and_law,is_a,forensic_institution
united_nations,has_part,international_criminal_court
diagnostic_criteria,is_a,reification_type
somatic_symptom,is_a,disorder_subtype
apa_assembly,part_of,dsm-5
task force,part_of,dsm-s
dsm-5,studies,apa_assembly
comprehensive_testing,studies,field_trial
committee_on_dsm-5,practices,committee
apa,is_located_in,united_states
committee,has_part,committee_on_dsm-5
field_trial,is_a,comprehensive_testing
dsm-s,studies,task force
scientific_review,practices,undergone_field_testing
dsm-5,publication_date,"december 2012"
apa,part_of,board_of_trustees
dsm-iii,is_a,classification_of_disorders
board_of_trustees,studies,apa
john_f_kennedy_school_of_government,is_a,harvard_university
dsm-5,is_a,diagnostic_criteria
undergone_field_testing,part_of,scientific_review
harvard_university,has_part,john_f_kennedy_school_of_government
nos_criteria,part_of,dsm
who,practices,international_classification_of_disorders
dsm,is_a,medical_classification
dsm-iii,part_of,dsm
dms-s,is_a,who
dsm,has_part,nos_criteria
dsm,has_part,dsm-iii
clinical
clinical,has_part,research
research
international_advisory_group_on_the_revision_of_the_icd_10_section_on_mental_and_behavioural_disorders
international_advisory_group_on_the_revision_of_the_icd_10_section_on_mental_and_behavioural_disorders,is_a,clinical
clinical
clinical
evolutionary,is_a,scientific_evidence
psychological
scientific_evidence
psychological,has_part,physiological
icd,part_of,international_advisory_group_on_the_revision_of_the_icd_10_section_on_mental_and_behavioural_disorders
international_advisory_group_on_the_revision_of_the_icd_10_section_on_mental_and_behavioural_disorders
research
research,practices,clinical
evolutionary
manual,part_of,document
research,practices,diagnostic_criteria
personality_disorder,part_of,iii
research,studies,scientific_evidence
dsm,part_of,dsm_criteria
dsm_criteria,is_a,criterion
scientific_evidence,has_facet,clinical_use
research,is_a,scientific_advance
section_ii,part_of,manual
iii,part_of,personality_disorder
dsm_iv_tr,followed_by,dsm_s_personality_and_personality
dsm_s_personality_and_personality,followed_by,dsm_iv_tr
scientific_advance,is_a,advance
viewpoint,practices,accommodate
accommodate,is_a,viewpoint
dsm,is_a,classification_system
dsm_s,is_a,classification_system
research_initiatives,practices,clinical_practice
clinical_practice,part_of,research_initiatives
dsm,follows,icd
icd,is_a,classification_system
dsm_s,precedes,icd_11
dsm_iv,follows,icd_10
classification_system,is_a,icd
organizational_structure,part_of,classifications
icd_11,follows,dsm_s
classification_system,has_part,organizational_structure
classification_system,is_a,dsm
icd_10,precedes,dsm_iv
work_group,is_a,instance
classifications,has_part,organizational_structure
instance,is_a,work_group
comorbidity,practices,epidemiology
dsm,is_different_from,icd_classifications
psychopathology,is_a,neurodevelopmental_disorder
attention_deficit_hyperactivity_disorder,is_instance_of,neurodevelopmental_disorder
disorders,part_of,psychopathology
icd_classifications,is_different_from,dsm
icd-10,is_a,international_classification_of_diseases
icd-ll,different_from,icd-lo
international_classification_of_diseases_ninth_revision,has_part,icd-9
dsm-5,studies,preponderance_of_evidence
dsm-5,part_of,icd-9_cm
icd-9,is_a,clinical_modification_of_icd-9
organizational_structure,is_a,dsm-s
clinical_modification_of_icd-9,part_of,international_classification_of_diseases_ninth_revision
icd-lo,different_from,icd-ll
heterogeneity,is_a,mental_disorders
earlier organizational structures,subclass of,codes
dimensional approach to diagnosis,subclass of,diagnosis
icd - 9-cm,followed by,icd-10-cm
autism_spectrum_disorder,is_a,disorder
environmental,subclass_of,risk_factors
health,has_part,symptoms
classification,studies,dsm
disorder,part_of,health
genetic,subclass_of,risk_factors
symptoms,is_a,diagnostic_categories
risk_factors,subclass_of,genetic
comorbidity,practices,autism_spectrum_disorder
progressive_subtyping,practices,diagnostic_homogeneity
disorders,is_a,dis_orders
risk_factors,subclass_of,environmental
dsm,is_a,classification
mental_disorder,has_symptom,symptoms
symptoms,facet of,mental disorder
symptoms,is_a_symptom_of,mental_disorder
clinical decision making,is_practiced_by,clinical utility
genetic risk factors,is_a,risk factors
icd-10,followed_by,dsm-s
risk factors,studied_by,genetic risk factors
dsm-s,is_a,icd-10
clinical utility,practices,clinical decision making
dsm-5,follows,icd-11
somatic_symptoms,is_a,comorbidity
neurobiology,is_a,comorbidities
depressive,is_a,comorbidity
anxiety,is_a,comorbidity
anxiety,is_a,symptom
depressed_mood,is_a,symptom
dsm-s,studies,neurobiology
national-institutes-of-health,is_instance_of,funding-agencies
dsm-5,studies,research
dsm-5,authored,dsm-5-task-force
research,practices,clinical-practice
impulse-control-disorder,is_a,disorders
symptom_heterogeneity,is_a,comorbidity
developmental,part_of,lifespan_consideration
neurocognitive_disorders,is_a,disorder
lifespan_consideration,has_part,developmental
adolescence,follows,young_adulthood
decision_making,is_a,diagnostic
young_adulthood,preceded_by,adolescence
schizophrenia,is_a,psychotic_disorders
primary_care_physician,is_a,mental_health_specialist
idioms_of_distress,is_a,cultural_syndrome
cultural_norms,facet_of,sociocultural_norms
dsm-5,is_a,dsm-s_series
signs,is_a,symptoms
cultural,part_of,social
icd_harmonization,has_part,dsm-5
transmitted,part_of,culture
dsm-5,part_of,icd_harmonization
symptoms,practices,diagnosis
diagnosis,has_parts,signs
culture,has_part,transmitted
social,has_part,cultural
pathological,is_different_from,probable
probable,is_different_from,pathological
normality,is_different_from,pathology
clinical_attention,practiced_by,clinicians
cultural,has_component,traditions
behaviors,have_effect,symptoms
symptoms,cause,behaviors
traditions,are_components_of,cultural
health_anxiety,is_subtype_of,panic_disorder
clinicians,belong_to,clinical_attention
culture_bound_syndrome,is_subclass_of,symptoms
cultural_psychiatry,studies,culture_bound_syndrome
illness,studied_by,treatment
symptoms,has_subclass,culture_bound_syndrome
clinical_encounter,is_practiced_by,clinician
clinical_encounter,practices,clinician
clinician,practices,clinical_encounter
treatment,has_facet,illness
labeled,has_facet,illness
dsm_5,provides_clinical_utility,none
complementary_health_system,is_a,health_care
health_care,studies,complementary_health_system
clinician,is_field_of,clinical_encounter
symptom,part_of,syndrome
laypersons,is_subclass_of,healers
explanatory_model,is_a,causal_model
3,is_a,point_in_time
folk_classification,practices,causal_explanation
clinical_presentation,has_part,symptomatology
linguistic_term,is_different_from,cultural_idiom_of_distress
cultural idiom of distress,is_a,idioms of distress
illness,has_part,clinical_encounter
instance of,is_a,linguistic term
syndrome,is_a,disorder
disorder,is_different_from,syndrome
maladie_moun,part_of,symptomatology
suffering,instance_of,idioms_of_distress
discomfort,is_a,suffering
biological_sex,different_from,differences_based_on_biological_sex
biological_sex,different_from,gender
mental disorders,is_a,diseases
dsm,is_instance_of,mental_illness
women,opposite_of,men
gender,different_from,biological_sex
xy,instance_of,chromosomal_complement
differences_based_on_biological_sex,different_from,biological_sex
men,opposite_of,women
xx,instance_of,chromosomal_complement
women,is_a,type:category:gender:female
symptoms,is_a,property:set:symptoms
premenstrual_dysphoric_disorder,is_a,disorder
disorder,practices,psychiatric_diagnosis
men,is_a,type:category:gender:male
gender,practices,research:topic:gender_differences
illness,is_a,disorder
attention_deficit_hyperactivity_disorder,is_a,disorder
postpartum_mania,is_a,specifier:mental_health:manic_episode
psychiatric_diagnosis,has_property,disorder
disorder,has_property,gender_differences
reproductive_life_cycle,has_property,estrogen
gender,is_a,type:category:disorder
normative_postpartum,is_a,class:postpartum_women
gender,part_of,levels
gender,facet_of,gender_related_diagnostic_issues
use_of,subclass_of,specified_and_unspecified_disorders
symptoms,part_of,diagnostic_criteria
levels,has_part,gender
diagnostic_criteria,has_part,symptoms
perinatal_onset,is_a,mood_episode
dsm-5,is_a,disorder
depressive_symptomatology,studies,depressive_symptoms
disorder,has_part,unspecified_disorder
unspecified_depressive_disorder,is_a,depressive_disorder
diagnostic,practices,diagnosis
diagnosis,is_a,disorder
other_specified_disorder,part_of,dsm-5
depressive_symptoms,studies,depressive_symptomatology
clinician,practices,diagnosis
unspecified_disorder,part_of,dsm-5
clinical_presentation,practices,clinician
clinical_presentation,used_by,clinician
specific_reason,is_a,category
clinician,practices,clinical_presentation
clinical_judgment,practices,judgment
unspecified,is_a,diagnosis
diagnosis,subclass_of,unspecified
judgment,is_practiced_by,clinical_judgment
iii,subclass of,disorders and conditions without axial designations
axis i,part of,dsm-iv
axis ii,part of,dsm-iv
icd,author,who
axis iii,part of,dsm-iv
axes i,part of,dsm-5
use of the manual,has part,section i
dsm-iv,main subject,multiaxial system
axis i,subclass of,disorders and conditions without axial designations
mental disorder,subclass of,medical condition
section i,part of,use of the manual
ii,subclass of,disorders and conditions without axial designations
dsm-5,has part,ii
axis iii,part of,dsm-5
axis v,follows,ii
ii,part of,dsm-5
icd-9,is_a,diagnosis
diagnosis,part_of,prognosis
z_code,part_of,icd-io
dsm-iv,has_part,global_assessment_of_functioning
global_assessment_of_functioning,part_of,dsm-iv
icd-io,has_part,z_code
disability_assessment_schedule,practices,who
icd-io-cm,is_a,diagnosis
diagnosis,practices,icd-io-cm
dsm-5,is_a,psy-chometrics
whodas,studies,impairment_and_disability_study_group
healthcare,is_a,medicine
dsm-s,is_a,clinically_relevant
clinical_rating_scale,is_a,measure
disorders,is_studied_by,psychiatric
dsm-5,is_instance_of,an-lyzed
dsm-5,publishes,psychiatryonlineorg
university of utah,located_in,salt lake city
dsm-s,based_on,icd
manual,has_subtype,use_of_the_manual
dsm-s,practices,icd
manual,has_part,use_of_the_manual
nostic,is_a,criteria
par-,practices,dsm-5
emotional,is_a,underlying_disorder
dsm-5,is_a,mental_disorders
behavioral,is_a,underlying_disorder
dsm-s,is_a,revision
cognitive,is_a,underlying_disorder
clinical_practice,studies,clinical
signs_and_symptoms,part_of,clinical_course
physiological,is_a,underlying_disorder
clinical,is_studied_by,clinical_practice
approach_to_clinical_case_formulation,practices,clinical_case_formulation
clinical_course,has_part,signs_and_symptoms
clinical judgment,practices,diagnosis
cultural,part_of,social
emotional,is_a,symptom
protective factors,has_effect,predisposing
symptoms,part_of,diagnostic criteria
diagnostic criteria,has_part,symptoms
evidence-based treatment,is_a,treatment
clinical history,is_a,concise
psychopathology,has_facet,categorical_diagnostic_categories
genetic,has_effect,environmental
environmental,causes,genetic
instance,is_a,diagnostic_criteria
section ii,is_a,diagnostic_criteria
mental_disorder,is_type_of,disorder
categorical_diagnostic_categories,is_a,psychopathology_facet
definition,is_list_of,mental_disorder
significant_distress,caused_by,mental_disorder
loss,has_effect,death
disorder,has_effect,significant_distress
mental_disorder,differs_from,socially_deviant
emotion_regulation,is_a,facet_of
cognition,part_of,mental_functioning
facet_of,belongs_to,emotion_regulation
socially_deviant,differs_from,mental_disorder
behavior,is_a,facet_of
mental disorder,is_a,disorder
mental_functioning,has_facet,cognition
prognosis,studies,clinical_utility
treatment,part_of,clinic
2008_summer_olympics,is_at_time,2008
suicidal_ideation,is_a,psychiatric_symptom
genetic,causes,temperament
symptoms,has_part,diagnosis
mental_disorder,is_a,diagnosis
diagnosis,practices,symptom_identification
etiological,is_a,pathophysiological
public_health,practices,clinical
diagnostic_criteria,instance_of,dsm-5
dsm-s,part_of,dsm-5
diagnostic_criteria,part_of,validators
validators,studies,diagnostic_criteria
manual_21,has_part,use_of_the_manual_21
chap-ter,part_of,dsm-s
disability,is_a,symptom
international_classification_of_diseases,part_of,who_system
pathological,is_a,symptom
disability,has_part,who_disability_assessment_schedule
international_classification_of_functioning,disability_and_health,part_of
who_system,has_part,international_classification_of_functioning
mental_disorder,is_a,symptom
international_classification_of_functioning,disability_and_health,who_system
who_disability_assessment_schedule,is_a,disability
normal,is_a,symptom
who_system,has_part,international_classification_of_diseases
mild_forms,is_a,symptom_presentation
third_party,part_of,information
revised_definition_of_mental_tenant_s_need_for_treatment,is_a,mental_tenant_s_need_for_treatment
information,has_part,third_party
impairment,is_a,disability
elements_of_a_diagnosis,is_a,diagnostic_criteria
tion,is_practiced_by,clinician
clinical_interview,is_a,clinician_judgment
dsm-s,has_part,dsm-5
subclass_of,is_a,diagnostic_criteria
specifiers,is_a,course_specifiers
severity,is_a,course_specifiers
clinician,practices,tion
dsm-5,part_of,dsm-s
mild,has_part,severity
extreme,has_part,severity
moder,has_part,severity
specifier,part_of,criteria
sleep_wake_disorders,is_a,comorbidity
exhaustive,is_a,phenomenological
krakow,country_of,poland
social_anxiety_disorder,is_a,neurocognitive_disorder
criteria,has_part,specifier
mutually_exclusive,different_from,jointly_exhaustive
poland,capital_city,krakow
jointly_exhaustive,different_from,mutually_exclusive
icd-lo-cm,is_a,character_code
icd-9-cm,followed_by,icd-10-cm
icd-10-cm,follows,icd-9-cm
icd-10-cm,part_of,icd-9-cm
icd-lo-cm,instance_of,character_code
previ- ous diagnosis,part of,dsm-5 diagnosis
conditions that may be a focus of ciinicai attention,facet of,ciinicai
severity specifier,subclass of,defini- tions
descriptive features,subclass of,specifiers
poor insight,subclass of,obsessive-compulsive disorder
symptom count,instance of,severity indicator
partial remission,subclass of,full remission
psychosocial,part_of,environmental_factors
environmental_factors,has_part,psychosocial
malingering,is_a,problem
dsm-iv-tr,is_a,neuroleptic_malignant_syndrome
mental_disorders,is_a,clinical_visit
outpatient_setting,is_a,ambulatory_care_medical_services
treatment,is_a,diagnosis
schizophrenia,is_instance_of,non_substance_related_diagnosis
diagnosis_should,different,diagnosis
occasionalizing,is_a,diagnosis
diagnosis,different,diagnosis_should
cohol_use_disorder,is_a,mental_disorder
qualifying,is_a,diagnosis
mental_disorder,is_a,medical_condition
maining_disorders,instance_of,principal_diagnosis
schizophrenia,is_a,mental_disorder
neurocognitive_disorder,is_a,mental_disorder
diagnosis,practiced_by,clinician
centers_for_disease_control_and_prevention,is_subsidiary_of,national_center_for_disease_control_and_prevention
diagnostic,uses,statistical_code
diagnosis,different_from,presumption
clinician,is_field_of,diagnosis
schizophrenia,has_effect,remission
statistical_code,used_by,diagnostic
national_center_for_disease_control_and_prevention,has_parent_organization,centers_for_disease_control_and_prevention
differential_diagnosis,studies,major_depressive_disorder
illness,is_studied_by,differential_diagnosis
who,is_country_of,us
remission,has_cause,schizophrenia
major_depressive_disorder,is_instance_of,diagnosis
presumption,different_from,diagnosis
neurocognitive_disorders,is_a,substance_medication_induced_disorders
mortality,studies,health_statistics
prevalence,studies,health_statistics
icd-lo-cm,publication_date,2014"
icd-io - cm,is_based_on,icd-9-cm
icd-9-cm,country,"united states"
icd-lo-cm,publication_date,"october 1
private_insurance_service_claims,part_of,cms
looking_to_the_future,publication_date,"2020"
disorders,is_a,dsm-iv
cms,is_a,private_insurance_service_claims
dsm-s,studies,case_formulation
scientific_evidence,practices,scientific_advances
cross_cutting_symptom_and_diagnosis_specific_severity_measures,has_part,quantitative_ratings
cultural_formulation_interview,practices,cultural_dynamics
individual_presentation,is_a,clinical_context_instance
scientific_evidence,is_a,fact
dsm-5,has_part,forensic_use_of_dsm-5
digital_applications,is_a,digital_applications_software
dsm-5,part_of,dsm_series
development,studies,digital_applications
dsm-s,is_a,mental_disorder
involuntary_commitment,is_a,legal_determination
decision_making,practices,legal_issue
diagnostic_information,is_a,information
dsm_s,is_a,compendium
mental_disorders,is_a,disorder
impairment,different_from,disabilities
disabilities,different_from,impairment
functional_impairment,is_a,impairment
dsm-5,is_a,diagnostic_information
dsm-s,studies,use
intellectual_disability,is_a,intellectual_developmental_disorder
law,part_of,clinical_diagnosis
clinical_diagnosis,is_a,law
obsessive_compulsive_and_related_disorders,is_a,anxiety_disorders
schizophrenia_spectrum,is_a,psychotic_disorders
individual,is_a,decision
feeding_and_eating_disorders,is_a,elimination_disorders
control,different_from,control_over_one's_behavior
dsm,studies,mental disorder
1,is_a,depressive_disorders
control_over_one's_behavior,different_from,control
|cd-10|,instance_of,diagnostic_criteria
paraphilic_disorders,is_a,mental_disorders
neurocognitive_disorders,is_a,disorders
personality_disorders,is_a,mental_disorders
709,is_a,other_conditions_that_may_be_a_focus_of_clinical_attention
707,has_part,other_adverse_effects_of_medication
gender dysphoria,is_a,disruptive_impulse_control_disorders
|cd-9-cm|,instance_of,diagnostic_criteria
diagnostic_criteria,is_a,recording_procedures
|cd-10 - cm,instance_of,procedures
dsm-5,main_subject,clinical_formulation_and_treatment_plan
medication_induced_movement_disorders,is_a,adverse_effects_of_medication
|cd-9-cm,instance_of,procedures
clinical_presentation,has_part,symptom
autism,is_a,intellectual_disability
intellectual_skills,is_a,social_skills
neurodevelopmental_disorder,is_a,developmental_period
early_development,is_a,disorder
intellectual_disability,is_a,disability
attention_deficit_hyperactivity_disorder,is_a,learning_disorder
developmental_deficits,has_part,impairments_of_personal_social_academic_or_occupational_functioning
autism_spectrum_disorder,is_a,social_communication_disorder
intellectual disability,has cause,acquired insult
acquired insult,has effect,intellectual disability
com- munication,subclass of,adaptive functioning
global developmental delay,facet of,developmental milestones
standardized testing,subclass of,systematic assessments of intellectual functioning
learning from experience,subclass of,learning
communication_disorders,is_a,neurodevelopmental_disorders
reciprocity,is_a,social_interaction
autism_spectrum_disorder,practices,social_communication_deficits
speech,part_of,language
childhood_onset_fluency_disorder,is_a,communication_disorder
syllables,is_a,sound
social_communication,has_part,language
language_disorder,is_a,communication_disorder
language,part_of,social_communication
neurodevelopmental_disorders,has_part,communication_disorders
speech_sound_disorder,is_a,communication_disorder
social_communication_disorder,is_a,communication_disorder
development,is_a,symptom
autism_spectrum_disorder,is_a,neurodevelopmental_disorder
clinical_description,has_facet,diagnosis
asperger_syndrome,is_subclass_of,autism_spectrum_disorder
hyperactivity,is_a,impulsivity
occupational_functioning,is_a,impairments
adhd,is_a,neurodevelopmental_disorder
conduct_disorder,is_a,externalizing_disorder
inattention,is_a,disorganization
oppositional_defiant_disorder,is_a,externalizing_disorder
tourette_disorder,is_a,motor
hand_flapping,is_a,stereotypic_movement_disorder
tic disorder,is_a,neurodevelopmental motor disorder
head_banging,is_a,stereotypic_movement_disorder
unspecified_tic_disorder,is_a,tic_disorder
vocal,is_a,tic_disorder
social,part_of,academic
stereotypic movement disorder,has_part,hitting
motor,is_a,motor skills
self_injury,is_instance_of,diagnostic_description
tourette_disorder,is_a,tic_disorder
provisional_tic_disorder,is_a,tic_disorder
motor_or_vocal_tic_disorder,is_a,tic_disorder
self_biting,is_a,stereotypic_movement_disorder
motor,is_a,tic_disorder
body_rocking,is_a,stereotypic_movement_disorder
math,has_part,academic skills
academic skills,practices,performance
reading,has_part,academic skills
writing,has_part,academic skills
intellectually gifted,is_a,specific learning disorder
academic skills,has_part,math
academic skills,has_part,reading
academic skills,has_part,writing
performance,is_studied_by,academic skills
specific learning disorder,is_a,intellectually gifted
etiology,affects,clinical_course
clinical_course,caused_by,etiology
developmental_period,is_a,disorder
academic_learning,is_a,intellectual_function
rett_syndrome,is_a,genetic_disorder
symptomatology,part_of,clinical_course
problem_solving,is_a,intellectual_function
learning_from_experience,is_a,intellectual_function
planning,is_a,intellectual_function
fragile_x_syndrome,is_a,genetic_disorder
abstract_thinking,is_a,intellectual_function
severity,is_facet_of,clinical_presentation
tuberous_sclerosis,is_a,genetic_disorder
reasoning,is_a,intellectual_function
daily_life,has_subclass,independent_living
developmental_period,has_part,adaptive
developmental_disorder,is_a,intellectual_disability
rosa_s_law,country,united_states
|cd-10-cm,instance_of,severity_specifier
adaptive,part_of,developmental_period
intellectual,part_of,developmental_period
developmental_period,has_part,intellectual
intellectual_developmental_disorder,is_a,intellectual_disability
independent living,is_a,daily_life
lay_public,part_of,advocacy_groups
severity,part_of,table_1
intellectual_disability,same_as,intellectual_developmental_disorder
intellectual_disability,is_a,developmental_disorder
adaptive functioning,part_of,developmental
developmental,has_part,adaptive
090,said to be the same as,00
e000.mu00m w530000m,has part,00308
60600,instance of,tommdm
00600,has part,00
00000,has part,00663056
monm,part of,.mqa
00,said to be the same as,090
00.0030,said to be the same as,e
iq scores,facet of,adaptive functioning
00663056,part of,00000
0mg,based on,€0
00308,has,00m
05063,point in time,050
0060,part of,00000
00m,has part,00308
roeeo,instance of,€
.mqa,has part,monm
00,part of,00600
lower end,subclass of,iq
b0000w,subclass of,mtommsm
e,said to be the same as,00.0030
300.0,point in time,300
$5300,part_of,$50_56_0006030_3360
662,follows,638
662,is_a,638
$50_56_0006030_3360,has_part,$5300
662,is_followed_by,0393
638,is_a,662
638,is_followed_by,662
e,has_part,tommzm
9805000,has_part,023m
tommzm,has_part,e
0393,follows,662
023m,part_of,9806000
005530250,part_of,0
38:00:00,has_part,0:30
60600,has_part,$03000
x03500,follows,3035
0,is_a,pointintime
0:30,is_a,thirtyseconds
000300,part_of,5000
0305,studies,305
039:0_33336::03h_05,point_in_time,00:00.05
0,point_in_time,2000
o,part_of,e
039:0_33336::03h_05,part_of,00:00.05
2000,point_in_time,0
o,part_of,0
0,has_part,o
e,has_part,0
0,part_of,e
e,has_part,o
0500,has_part,harvard_university
harvard_university,has_part,0500
_,is_a,john_f_kennedy_school_of_government
john_f_kennedy_school_of_government,is_a,_
5000mm,has_length,6005
3:0:53000>,practices,m5506
6:0.055.3,is_part_of,000355
60003,studies,m5500
6,part_of,0
m5500,is_a,following
0,part_of,6
criterion_c,has_part,developmental_period
standard_deviation,opposite_of,mean
mean,opposite_of,standard_deviation
problem_solving,is_a,intellectual_functions
cognitive_efficacy,has_part,working_memory
e0806,studies,638
planning,is_a,intellectual_functions
developmental_period,part_of,criterion_c
tests_of_intelligence,is_a,intelligence
intellectual_developmental_disorder,is_a,intellectual_disability
abstract_thinking,is_a,intellectual_functions
working_memory,has_part,cognitive_efficacy
judgment,has_part,clinical_training
reasoning,is_a,intellectual_functions
intellectual_disability,is_a,intellectual_developmental_disorder
adaptive,is_a,intellectual
strengths,opposite_of,weaknesses
invalid,is_a,iq_score
clinical_judgment,is_a,interpreting_results
neuropsychological_testing,studies,cognitive_profiles
flynn_effect,practices,practice_effect
native_language,part_of,ciocultural
weaknesses,opposite_of,strengths
language,part_of,communication
social_understanding,facet_of,social_judgment
iq_test,facet_of,conceptual_functioning
knowledge,is_studied_by,academic
empathy,is_a,feelings
academic,studies,knowledge
deficits_in_adaptive_functioning,is_a,adaptive_functioning
adaptive_functioning,has_facet,adaptive_reasoning
mental_disorders,is_a,medical_conditions
self_management_of_behavior,is_a,learning
criterion,studies,deficits_in_adaptive_functioning
detention center,subclass of,prison
coun- selor,subclass of,care provider
psychometrically sound measures,used by,clinical evaluation
diag- nosed,subclass of,intellectual disability
clinical evaluation,uses,psychometrically sound measures
mental health,subclass of,medical
emotions,has_facet,behavior
aggressive,is_subclass_of,disruptive
intellectual_disability,has_facet,multiple_causes
exploitation,has_subclass,victimization
developmental_period,part_of,childhood
gullibility,is_subclass_of,naivete
death_penalty,main_subject,atkins-type_hearings
adaptive functioning,has_part,social
adaptive functioning,has_part,practical
developmental_period,part_of,adolescence
suicidal,subclass of,thoughts
intellectual disability,has part,mental disor- ders
global developmental delay,subclass of,deficits
brain dysfunction,studied by,etiology
danger,has effect,risk
academic learning,part of,school age
suicide attempt,subclass of,suicide
mental disor- ders,subclass of,intellectual disability
severe intellectual disability,instance of,6
risk,has cause,danger
intellectual disability,instance of,prevalence
criterion c,instance of,in-cluding
developmental period,facet of,intellectual disability
meningitis,is_a,encephalitis
lesch-nyhan syndrome,is_a,genetic disorder
down syndrome,is_a,genetic syndrome
neurocognitive disorder,is_a,cognitive skills
children,is_different_from,adults
childhood,precedes,adulthood
intellectual_functioning,differs_from,intellectual_disability
improved_adaptive_skills,is_facet_of,intellectual_disability
lifelong,follows,early_childhood
rett_syndrome,is_a,genetic_disorders
epilepsy,has_cause,genetic_conditions
intellectual_disability,differs_from,intellectual_functioning
infants,is_a,young_children
adults,is_different_from,children
appropriate,is_a,intellectual_disability
intellectual_disability,is_a,appropriate
physiological,has_part,genetic
neonatal_encephalopathy,is_a,perinatal_cause
gender_ratio,facet_of,reported_studies
linguistic,part_of,cultural
severe,is_a,intellectual_disability
cultures,different_from,races
placental_disease,is_a,maternal_disease
lead,has_effect,intoxications
genetic,part_of,physiological
mild,is_a,intellectual_disability
male,opposite_of,female
genetic,is_a,medical_condition
neurocognitive_disorders,is_a,intellectual_disability
neurocognitive_disorders,different_from,intellectual_disability
down_syndrome,is_a,intellectual_disability
genetic_syndromes,is_a,intellectual_disability
intellectual_disability,different_from,neurocognitive_disorders
nongenetic,is_a,medical_condition
intellectual_disability,is_a,neurocognitive_disorder
specific_learning_disorder,is_a,learning_disorder
alzheimer's disease,is_a,neurodegenerative_disorder
intellectual_disability,has_co_occurring_condition,co-occur
adaptive_behavior,is_different_from,intelligence
social_communication,is_facet_of,autism_spectrum_disorder
autism,is_instance_of,spectrum_disorder
neurocognitive_disorder,is_a,intellectual_disability
spectrum_disorder,is_a,intellectual_disability
specific_learning_disorder,is_a,intellectual_disability
intellectual_disability,is_a,disorder
more_severe_intellectual_disability,is_a,intellectual_disability
irritability,is_a,symptom
other_classifications,relationship_to,intellectual_disability
intellectual_disability,is_a,co-occurring_diagnoses
mood_dysregulation,is_a,symptom
autism_spectrum_disorder,is_a,communication_disorders
self_agnosis,is_a,movement_disorder
cerebral palsy,is_a,intellectual_disability
major_depressive_disorder,is_a,intellectual_disability
attention_deficit_hyperactivity_disorder,is_a,neurodevelopmental_disorder
5_years,has_part,early_childhood
2009_world_championships_in_athletics,occurs_at,2009
multidimensional,opposite_of,categorical
early_childhood,part_of,5_years
mild,instance_of,subtypes
dsm-5,authored_by,aaidd
impaired brain functioning,is_a,intellectual developmental disorders
profound,instance_of,subtypes
moderate,instance_of,subtypes
dementia,is_a,metasyndrome
f88,occurs_at,315
neurocognitive disorder,is_a,metasyndrome
severe,instance_of,subtypes
american_association_on_intellectual_and_developmental_disabilities,practices,intellectual_disability
exceptional circumstances,subclass of,reassessment
speech,part of,communication
prelingual deafness,subclass of,intellectual disability
intellectual developmental disorder,subclass of,intellectual disability
language,part of,communication
locomotor disability,subclass of,intellectual disability
communication,has part,speech
blindness,subclass of,intellectual disability
sign_language,is_a,language
voice,part_of,speech
cultural,part_of,linguistic
linguistic,part_of,cultural
fluency,part_of,speech
social_pragmatic_communication_disorder,is_a,communication_disorder
f80,has_part,diagnostic_criteria_315_39
bilingual,is_a,language
language_disorder,is_a,communication_disorder
written_words,is_a,language
speech_sound_disorder,is_a,communication_disorder
communication,has_part,nonverbal
articulation,part_of,speech
pictures,is_a,language
occupational_performance,is_instance_of,combination
use_of_language,is_a,language_use
comprehension,has_part,production
sensory_impairment,different_from,hearing
language_abilities,has_part,academic_achievement
intellectual_developmental_disorder,different_from,intellectual_disability
3,point_in_time,3.3
production,part_of,comprehension
academic_achievement,part_of,language_abilities
developmental_period,is_a,onset_symptoms_period
hearing,different_from,sensory_impairment
language_use,practices,word_knowledge
use_of_language,part_of,written
word_knowledge,practices,language_use
d.d.,same_as,d.v.
intellectual_disability,different_from,intellectual_developmental_disorder
written,is_a,use_of_language
spoken,is_a,use_of_language
d.v.,same_as,d.d.
morphology,part_of,grammar
discourse,part_of,use_of_language
sign_language,is_a,spoken_communication
pressive_language,opposite_of,receptive_language
expressive,is_a,language_skills
receptive_ability,opposite_of,expressive_ability
use_of_language,is_a,language
expressive_ability,opposite_of,receptive_ability
receptive,is_a,language_learning
grammar,is_a,grammatical_error
def-inition,is_a,word_finding_problem
language,has_part,context
narrate,practices,discourse
context,is_a,language
sentences,has_part,words
vocabulary,part_of,context
expressive deficits,subclass of,language disorder
reticent,said to be the same as,shy
language disorders,subclass of,family history
academic achievement,has part,criterion b
standard- ized,subclass of,tests of language ability
chil- dren,language used,limited language
shy,said to be the same as,reticent
lan- guage assessment,facet of,language disorder
criterion b,part of,academic achievement
mem- bers,subclass of,familiar individuals
language_disorder,causes,language_impairment
grammar,has_part,syntax
physiology,is_part_of,genetic_makeup
toddlerhood,is_a,early_developmental_period
early_vocabulary_acquisition,practices,language_learning
predictive_language_ability,is_a,language_skill
language_disorder,is_a,developmental_disorder
language,is_a,grammar_and_vocabulary
difficulties,affects,reading_comprehension
receptive_language_impairments,is_opposite_of,expressive_language_impairments
language_impairment,is_a,communication_disability
genetic_makeup,has_part,physiology
adult_level_of_competency,is_a,competency
grammar,has_part,phonology
landau_kleffner_syndrome,is_a,epilepsy
normal_developmental_variations,is_a,dialects
language,is_a,variation_in_language
neurological_disorders,is_studied_by,neurology
sensory_impairment,has_effect,language_deficit
neurology,studies,neurological_disorders
epilepsy,is_a,landau_kleffner_syndrome
language_deficit,is_a,speech_motor_deficit
dialects,is_a,language
speech_motor_deficit,practices,language_deficit
language_disorder,is_a,language_deficits
language_delay,is_a,intellectual_limitations
intellectual_disability,is_a,intellectual_developmental_disorder
language_disorder,studies,normal_developmental_variations
intellectual_developmental_disorder,has_subclass,language_delay
hearing,is_a,sensory_impairment
variation_in_language,is_a,language_disorder
intelligibility,is_a,speech_sound_production
autism_spectrum_disorder,has_part,neurodevelopmental_disorders
landau_kleffner_syndrome,is_a,autism_spectrum_disorder
language,is_a,regression
bibliotheque_nationale_de_france,part_of,paris
social_pragmatic,is_a,communication_disorder
neurodevelopmental_disorders,is_a,disorder
developmental_coordination_disorder,is_a,neurodevelopmental_disorder
language_disorders,has_part,speech
academic_achievement,has_part,social_participation
cerebral_palsy,is_a,congenital_disorder
regression,studies,language
deafness,is_a,hearing_loss
developmental_period,is_a,symptom_onset_period
occupational_performance,is_instance_of,performance
phonological,practices,speech_sounds
developmental,is_instance_of,stage
4_years,follows,2_years
speech_sounds,is_studied_by,phonological
word,has_part,spoken
spoken,part_of,word
articulation,is_a,sound
phonological_disorder,is_a,speech_sound_disorder
expressive_deficits,is_a,language_disorder
language_disorders,is_a,speech
phoneme,is_a,sound
articulation_disorder,is_a,speech_sound_disorder
2_years,precedes,4_years
foxpz,is_instance_of,gene_mutation
word,has_part,syllable
developmental_coordination_disorder,is_a,motor_coordination
phonological_simplification,is_facet_of,speech_sound_disorder
verbal_dyspraxia,is_a,speech_production_problems
motor_coordination,has_part,developmental_coordination_disorder
chewing,practices,mouth closure
syllable,is_part_of,word
mouth_closure,is_a,chewing
connected_speech_fluently,is_instance_of,developmental_skills
developmental_pattern,is_facet_of,articulation_of_speech_sounds
r,part_of,late_eight
s,part_of,late_eight
speech_difficulties,different_from,speech_sound_disorder
ch,part_of,late_eight
sibi-lant,is_a,airstream_direction
late_eight,is_a,age
normal_variations_in_speech,is_a,speech
ethnic,is_a,cultural
speech_sound_disorder,different_from,speech_difficulties
dh,part_of,late_eight
misarticulation,is_a,sound
zh,part_of,late_eight
intelligibility,is_a,sound
tongue_thrust,is_a,swallowing
community_norms,part_of,late_eight
specific_learning_disorders,is_a,language_disorder
i,part_of,late_eight
selective mutism,different from,se- lective mutism
speech-motor deficit,subclass of,hearing impairment
cerebral palsy,subclass of,motor disorder
hearing,subclass of,sensory impairment
se- lective mutism,different from,selective mutism
dysarthria,different from,speech sound disorder
speech sound disorder,subclass of,speech deficits
deafness,subclass of,hearing impairment
deficits,subclass of,structu ral
cleft palate,subclass of,speech impairment
selective mutism,subclass of,anxiety disorder
speech sound disorder,different from,dysarthria
diagnostic criteria 315,part of,f80
selective mutism,subclass of,mutism
dysarth,instance of,ria
washington,is_same_as,d_c_washington
broken_word_pause,part_of,speech
circumlocutions,is_a,word_substitutions
fluency,is_a,language_skills
occupation_academic,part_of,academic_field
consonant,different_from,vowel
see_him,part_of,monosyllabic_see
world_war_i,studies,world_war_ii
adult_onset_fluency_disorder,is_subclass_of,later_onset_fluency_disorder
stroke,is_a,neurological_insult
d_v,is_same_as,d_d
developmental_period,is_a,symptom_onset
19,point_in_time,_
world_war_ii,studies,world_war_i
d_d,is_same_as,d_v
vowel,different_from,consonant
academic,has_part,occupation_academic
pauses,is_a,broken_word_pause
d_c,is_same_as,washington_d_c
mental_disorder,is_a,medical_condition
language_skills,part_of,language_skills_fluency
2.2,point_in_time,_
tension,is_a,word_tension
bibliotheque_nationale_de_france,is_a,paris_library
anticipation,is_a,fearful_anticipation
stress,causes,anxiety
academic,is_a,achievement
sounds,has_part,syllable
achievement,part_of,academic
fluency,is_a,time_patterning_of_speech
language,has_part,sound
giv,is_a,pressure_to_communicate
dysfluency,is_a,reading
sound,part_of,language
syllable,part_of,sound
interviewing,practices,job
phrases,has part,words
sudden,different from,insidious
childhood-onset fluency disorder,subclass of,developmental stuttering
fluency disorder,subclass of,language abilities
physiological,part of,genetic
first words,part of,phrase
childhood-onset fluency disorder,subclass of,biological rela- tives
dysfluency,subclass of,fluency disorder
short and simple utterances,opposite of,dys-fluencies
genetic,has part,physiological
tics,has part,eye blinks
dysflu,subclass of,encies
insidious,different from,sudden
phrase,has part,first words
childhood_onset_fluency_disorder,is_a,speech_dysfluencies
sensory_deficit,is_a,deficits
anxiety,has_cause,stress
childhood_onset_fluency_disorder,is_instance_of,diagnosis
adolescence,is_different_from,adult_onset_dysfluencies
stuttering,is_a,side_effect
impairment_of_social_functioning,is_a,anxiety
mental_disorders,is_a,medical_conditions
adult_onset_dysfluencies,is_different_from,adolescence
adult_onset_dysfluencies,is_a,dysfluencies
normal_speech_dysfluencies,is_a,dysfluencies
medication_side_effects,is_a,side_effect
i_want,practices,want_ice_cream
dysfluencies_of_speech,is_a,speech_motor_deficit
communication,part_of,listener
greeting,is_a,communication
communication,has_part,nonverbal
listener,is_part_of,communication
idioms,is_a,meanings_of_language
nonverbal_communication,is_a,communication
meanings_of_language,has_subclass,idioms
disorder,practices,tourette's syndrome
point_in_time,occurs_at,3
disorder,is_a,tourette's disorder
child,opposite_of,adult
meanings_of_language,has_subclass,humor
point_in_time,occurs_at,2
point_in_time,occurs_at,4
adult,opposite_of,child
tourette's disorder,has_effect,vocal_tic
administrative_territorial_entity,contains,paris
paris,located_in,bibliothčque nationale de france
language,is_a,talk
meanings_of_language,has_subclass,metaphor
washington,part_of,dc
developmental_period,has_part,social_communication
dv,same_as,dd
intellectual_disability,different_from,mental_disorder
dd,same_as,dv
mental_disorder,different_from,intellectual_disability
dc,is_a,administrative_body
social_communication,is_a,developmental_period_facet
social_pragmatic_communication_disorder,part_of,pragmatics
development,is_a,communication_domain
intellectual_developmental_disorder,is_a,intellectual_disability
cognitive_ability,instance_of,domain
adolescence,is_a,milder_forms_of_the_disorder
physiological,is_part_of,genetic
speech,different_from,language
language,part_of,speech
written_expression,is_instance_of,acquisition
social_pragmatic_communication_disorder,practices,children
children,has_effect,social_pragmatic_communication_disorder
language,has_part,speech
genetic,part_of,physiological
social_communication_deficit,is_a,social_interactions
attention_deficit/hyperactivity_disorder,is_a,learning_disorders
autism_spectrum_disorder,is_a,social_pragmatic_communication_disorder
autism spectrum disorder,has_facet,activities
social pragmatic communication disorder,is_subclass_of,developmental history
restricted repetitive patterns of behavior,interests,and activities
restricted repetitive patterns of behavior,interests,autism spectrum disorder
effective communication,is_a,social communication
social pragmatic communication disorder,different_from,autism spectrum disorder
social pragmatic communication disorder,is_a,developmental history
autism spectrum disorder,has_facet,repetitive behaviors
autism spectrum disorder,different_from,social pragmatic communication disorder
autism spectrum disorder,has_facet,restricted repetitive patterns of behavior
autism spectrum disorder,has_facet,interests
restricted repetitive patterns of behavior,interests,is_facet_of
autism spectrum disorder,is_a,disorder
attention-deficit/hyperactivity disorder,is_a,hyperactivity disorder
f80_9,is_instance_of,307_9
global_developmental_delay,is_a,intellectual_disability
social_anxiety_disorder,has_symptom,symptoms
presentation,is_a,unspecified_communication_disorder
symptoms,caused_by,onset
social_phobia,is_a,social_anxiety_disorder
anxiety,caused_by,fear
onset,causes,symptoms
fear,is_caused_by,anxiety
3.3,is_point_in_time_of,3
making_friends,practices,relationships
nonverbal,is_a,communication
nonverbal_communication,is_a,communication
social_communication_impairments,is_instance_of,severity
affect,has_facet,emotion
2.2,is_point_in_time_of,2
social_interaction,is_a,social_communication
temperature,has_effect,pain
echolalia,is_a,stereotyped
interests,part_of,behavior
pain,has_cause,temperature
nonverbal,is_a,behavior
social_communication_impairments,is_a,severity
hyper-,part_of,4_4
activities,part_of,behavior
focus,is_a,intensity
autism_spectrum_disorder,has_part,pervasive_developmental_disorder
early_developmental_period,follows,later_life
intellectual_disability,different_from,intellectual_developmental_disorder
later_life,is_a,later_period
genetic_condition,is_a,medical_condition
intellectual_developmental_disorder,is_a,intellectual_disability
autism_spectrum_disorder,has_part,autistic_disorder
autism_spectrum_disorder,different_from,social_pragmatic_communication_disorder
social_pragmatic_communication_disorder,different_from,autism_spectrum_disorder
autism_spectrum_disorder,has_part,asperger_s_disorder
impairment,is_a,symptom
neurodevelopmental,is_a,psychopathological
autism_spectrum_disorder,is_a,class_of
neurodevelopmental,is_a,class_of
behavioral_disorder,is_a,neurodevelopmental
mental,is_a,neurodevelopmental
catatonia,has_subtype,catatonia_associated_with_another_mental_disorder
rett_syndrome,is_subtype_of,autism_spectral_disorder
co_morbid_catatonia,practices,has_condition
co_morbid_catatonia,practices,autism_spectrum_disorder
autism_spectrum_disorder,is_a,domain
neurodevelopmental,is_a,domain
autism_spectrum_disorder,is_a,psychopathological
subclass_of,is_a,behaviors
targets,is_subclass_of,priorities
autism_spectrum_disorder,practices,catatonia
subclass_of,is_a,social_communication
social_communication,is_a,behaviors
severity_specifiers,is_instance_of,symptomatology
social_communication_difficulties,is_subclass_of,re_
with_ment,has_part,with_ment_
no_intelligible_speech,is_a,accompanying_language_impairment
accompanying_language_impairment,is_a,phrase_speech
accompanying_language_impairment,is_a,no_intelligible_speech
language_impairment,is_instance_of,specification
wicouofid,instance_of,0.3538
douom,has_part,mac
3305,point_in_time,weowfi3305
mowawsw,product_or_material_produced,goesedees
eflm,based_on,coszemms
autism_spectrum_disorder,is_a,intellectual_impairment
zamamb,population,emmwuozmfia_population
m,subclass_of,300m
status,instance_of,$835
magma,subclass_of,fluofihmmc
nonverbal,opposite,verbal
verbal,opposite,nonverbal
receptive_language,is_opposite_of,expressive_language
2930,has_point_in_time,2930_50: moan
current,is_a,language_impairment
eazooaw_emzam,is_instance_of,chdvom
phrase_speech,is_a,nonverbal_speech
3:035,has_part,nu..n
full_sentences,is_part_of,fluent_speech
expressive_language,is_opposite_of,receptive_language
rett_syndrome,is_a,genetic_disorder
oenee,is_part_of,emee
cohan,has_member,b&mebe
nu..n,has_part,3:035
fluent_speech,has_part,full_sentences
how.,is_instance_of,film
emee,has_part,oenee
tmoucflcwm,is_a,m
tourette's_disorder,is_a,tic
epilepsy,is_a,medical_disorder
atypical_autism,is_a,autism_spectrum_disorder
social_communication,studies,social_interaction
autism_spectrum,is_a,autistic
asperger_disorder,is_a,autism_spectrum_disorder
compensation,is_a,intervention
kanner_autism,is_a,autism_spectrum_disorder
de-,is_a,manifestation
functional_impairment,is_a,stage
social_interaction,is_a,functional_impairment
high_functioning_autism,is_a,autism_spectrum_disorder
autistic,is_a,autism_spectrum
social_interaction,is_a,communication
diagnoses_practitioner,practices,diagnoses
formal_language_skills,has_part,grammar
language_delay,causes,lack_of_speech
verbal_and_nonverbal_deficits_in_social_communication,has_part,social_communication
clinician,is_a,diagnoses_practitioner
feelings,facet_of,emotions
one-sided
social_reciprocity
social_reciprocity,opposite_of,one-sided
intellectual_disabilities
emotions
one-sided,opposite_of,social_reciprocity
social_reciprocity
one-sided
intellectual_disabilities,is_a,language_delays
socially_intuitive
language_delays
socially_intuitive,has_facet,compensation_strategies
body_language,is_a,nonverbal_communication
body_posture,has_facet,social_communication
expressive_gesture,practices_different_from,functional_gesture
impaired_joint_attention,is_a,autism_spectrum_disorder
functional_gesture,practices_different_from,expressive_gesture
gestures,is_a,nonverbal_communicative_behaviors
facial_expression,is_a,nonverbal_communicative_behaviors
one_sided_friendship,is_a,friendship
norms,is_a,culture
white_lies,is_a,irony
passivity,is_a,social_interest
interacting_with_much_younger_or_older_people,opposite_of,solitary_activities
pretend_play,is_a,social_play
reciprocity,facet_of,relationship
solitary_activities,opposite_of,interacting_with_much_younger_or_older_people
nonverbal,opposite_of,verbal
autism_spectrum_disorder,part_of,criterion_b
autistic,is_a,autism_spectrum_disorder
parroting,is_a,speech
hypereactivity,has_effect,hyporeactivity
hyporeactivity,caused_by,hypereactivity
texture,part_of,taste
cold,opposite,heat
heat,opposite,cold
texture,has_part,taste
texture,is_part_of,taste
taste,is_a,smell
smell,is_a,taste
taste,has_part,texture
autism_spectrum_disorder,is_a,disorder
motivation,has_effect,pleasure
social,part_of,occupational
interests,is_a,activities
questionnaires,practices,psychometric_assessment
intellectual_developmental_disorder,has_part,autism_spectrum_disorder
intellectual_disability,is_a,intellectual_developmental_disorder
autism_spectrum_disorder,is_a,intellectual_developmental_disorder
repetitive_behavior,practices,autism_spectrum_disorder
high intelligence,different from,average
clumsiness,subclass of,abnormal motor signs
mutism,has cause,autism spectrum disorder
'freezing' mid-action,subclass of,motor behavior
odd gait,subclass of,abnormal motor signs
anxiety,has effect,depression
adaptive functional skills,opposite of,intellectual
autism spectrum disorder,has effect,mutism
autism spectrum disorder,different from,intellectual disability
autism spectrum disorder,country,us
adolescent years,instance of,risk period
language impairment,subclass of,intellectual impairment
average,different from,high intelligence
intellectual,opposite of,adaptive functional skills
intellectual disability,different from,autism spectrum disorder
developmental_regression,is_different_from,childhood_disintegrative_disorder
child,is_a,adult
dsm-iv,is_a,autism_spectrum_disorder
adult,is_a,child
childhood_disintegrative_disorder,is_different_from,developmental_regression
language_skills,part_of,social
second_year_of_life,has_part,24_months
autism_spectrum_disorder,part_of,age
24_months,part_of,second_year_of_life
caregivers,is_a,parents
developmental_plateaus_or_regression,is_a,autism_spectrum_disorder
early childhood,part_of,first year of life
autism_spectrum_disorder,has_effect,developmental_plateaus_or_regression
autism_spectrum_disorder,is_a,disorders
rett_syndrome,is_a,differential_diagnosis
first year of life,has_part,early childhood
delayed_language_development,has_effect,autism_spectrum_disorder
autistic,is_a_type_of,autism_spectrum_disorder
third_year,precedes,second_year
distressed,is_a_type_of,behavior
second_year,follows,third_year
autism_spectrum_disorder,has_cause,delayed_language_development
individual,is_a,impairment
compensation_strategies,is_a,coping_mechanisms
later_childhood,precedes,early_childhood
intellectual_abilities,has_part,language
autism_spectrum_disorder,has_effect,independent
anxiety,is_a,vulnerability
autism,is_instance_of,spectrum_disorder
deteriorates_behaviorally,opposite_of,improves
early_childhood,follows,later_childhood
improves,opposite_of,deteriorates_behaviorally
language,is_instance_of,intellectual_abilities
autism_spectrum_disorder,is_a,degenerative_disorder
intervention,practices,compensation
symptom,is_a,impairment
diagnosis,part_of,developmental_history
autism_spectrum_disorder,different_from,cognitive_skills
autism_spectrum_disorder,has_facet,repetitive
diagnosis,is_a,autism_spectrum_disorder
physiological,part_of,genetic
language impairment,is_a,intellectual_disability
genetic,is_a,physiological
autism_spectrum_disorder,has_cause,low_birth_weight
epilepsy,is_a,comorbid_diagnosis
polygenic,is_a,genetic_loci
de_novo_copy_number_variants,is_a,genetic_mutation
genetic_mutation,has_effect,autism_spectrum_disorder
autism_spectrum_disorder,has_cause,genetic_mutation
autism_spectrum_disorder,has_cause,heritability
low_birth_weight,has_effect,autism_spectrum_disorder
autism_spectrum_disorder,has_facet,functional_consequences
females,is_opposite_of,males
african_american,is_a,ethnic_group
intellectual_disability,is_a,intellectual_impairments
united_states,is_a,ethnic_group
males,is_opposite_of,females
nonverbal_communication,is_a,social_interaction
autism_spectrum_disorder,is_a,intellectual_disability
social_interaction,is_a,learning
interferes_with_eating_and_sleeping,has_cause,sensory_sensitivities
continued_rigidity,is_facet_of,adulthood
iq,has_part,adaptive_skills
extreme,has_effect,academic_achievement
social_isolation,is_a,communication_problem
sensory_sensitivities,has_effect,interferes_with_eating_and_sleeping
autism_spectrum_disorder,is_a,diagnostic_criteria
regressive_phase,facet_of,rett_syndrome
selective_mutism,is_a,mutism
contexts,instance_of,appropriate_communication_skills
patterns_of_behavior,subclass_of,repetitive
language_disorder,has_subclass,social_difficulties
rett_syndrome,practices,autistic
language_disorder,is_a,social_pragmatic_communication_disorder
rett_syndrome,is_a,syndrome
language_disorder,has_subclass,abnormal
early_development,facet_of,selective_mutism
differential_diagnosis,has_subclass,inconclusive
social-(pragmatic) communication disorder,is_different_from,autism spectrum disorder
intellectual_disability,is_different_from,autism_spectrum_disorder
autism spectrum disorder,is_different_from,social-(pragmatic
autism_spectrum_disorder,is_different_from,intellectual_disability
nonverbal_skills,has_subclass,nonverbal_problem_solving
intellectual_disability,is_different_from,appropriate_diagnosis
appropriate_diagnosis,is_different_from,intellectual_disability
